name,seq,group
Apt-1,TTTCGGCGGGTGAATATCCAACTGGTCCGTCCCTTGGGATCTTTGT,Clust-5
Apt-2,GGTTTGCTGAGGTGGGCGTCGTTGAATGTTAGTTCGGGAATACTTG,Clust-3
Apt-3,GGCTCCTCTTAGGGGCTGTGACCGGCGGGCGGGAATGTAGCAGGAT,Clust-9
Apt-4,GGCACTCCTATCGGGGCGCGACTAAAGTAAAAACGAGCGTTAGTAA,Clust-14
Apt-5,GAGTGGCATCTATTACTTAGTGCTACGGCTCTCGGGATGCTCTTCA,Clust-2
Apt-6,CTGCGCCGCCGGGAGGTAAATGTGTTTCGCTGTACGGTCTTGGTAA,Clust-1
Apt-7,CTGCACCGCCGGGAGAGCTCTTGGAGTCTCGTACGGTTTATTAGAC,Clust-1
Apt-8,CGGTGGAGCTGTCGGTGAGCAGCGGTTGACATTGTGAGCCTTATTC,Clust-4
Apt-9,CCGCGCCGTCGGGAGGGACCCAAGTTCACCGTACGAGATCCTGTGT,Clust-1
Apt-10,CAAGCTGTCCTAATAGATGACGTCTTCACCTCGCTGTGTTTAATCG,Clust-13
Apt-11,ATAGCGTTCCTAGAGCGTGGGGTGGCAGGTTTTTGAGCTTAGCTGC,Clust-6
Apt-12,CCGCGCCGTCGGGAGGACACTAATTAGGGTCCCGTACGAGCTCATC,Clust-1
Apt-13,CCGCGCCGTCGGGAAACATTTGTACGATCTCTTGCGACATTCCGCGC,Clust-1
Apt-14,CCGCGCCGCCGGGAGGTTTTTCCGTACGGTCTCTCATGAGTATCAA,Clust-1
Apt-15,CGGAGAAAATGGTGGTGACTATGCCGGCGGGTTTTCTTCGGTCAAA,Clust-7
Apt-16,CCGCGCCGTCGGGAGGGCGATAGGTCCAGTACGATCTGTTTTACAG,Clust-1
Apt-17,TTGCTTTTCCCCGCAGCAGGACGTAAGCTCGTCCATTGGGTGGGTA,Clust-10
Apt-18,CAGCCGTGCCACCGGGAGTTCCGTTACGAACGTACGGATGTCGAAT,Clust-1
Apt-19,CTGCGCCGTCGGGGCATTCCCTCGGAATGTGGATACGATCGCGATA,Clust-1
Apt-20,GCAGTGTGCCACCGGGAAGAATTGTACGGCTTGTCTCGATCTACAG,Clust-1
Apt-21,CTGCGCCGCCGGGAACGATGTCTATGTCGTGTACGGTCTGTTGTCT,Clust-1
Apt-22,CGTGCATTCGTAACGCTTAGTAATGTGGAATTCCATGTCTTGTCAA,Clust-18
Apt-23,GCACGACTGTTGTAACGGTACCCAGCCTTCATTGGGGGTCTCGTA,Clust-22
Apt-24,CTGGGCCCCCGGGACGATAAGTAGTATTCGGTACGGTCACTATGTA,Clust-1
Apt-25,CTGTGCCACCGGGAGAGAAAACTTATACCGTACGGACTCTAATGCA,Clust-1
Apt-26,GAGGTTGATGGTCGAAGAGCATGACCGGCTCTCGGGATGCTCTTTT,Clust-2
Apt-27,GAGTGGCATCTATTACTTAGTGCTACGGCTCTCGGGATGCTCTTTA,Clust-2
Apt-28,TTTCGGCGGGTGAATACCCAACTGGTCCGTCCCTTGGGATCTTTGT,Clust-5
Apt-29,CCGCGCCGTCGGGATGTGAGTTAGATTCGAACGTACGATCACTGTG,Clust-1
Apt-30,TCCGGGATTCTACCTACTTCCCTGATAAAGGGGAGGCTTGTCGTAA,Clust-20
Apt-32,CACTTGTCGCTGGGTAGGCTGTAGTGACTTGACGAGGTCTATCTAA,Clust-23
Apt-33,CTGCGCCGCCGGGAGCTACAATCGTATCAGCGTACGGGCTTGGAAT,Clust-1
Apt-34,CTGCGCCGTCGGGATGTTCCTTGCAGTACGAGCTCTTATTGCGTCC,Clust-1
Apt-35,GGGGGTGCTGCCGTCGGGGATAAAAAGTATCTTGGGAATAGCTCGA,Clust-12
Apt-36,TTTCGTCGGGTGAATATCCAACTGGTCCGTCCCTTGGGATCTTTGT,Clust-5
Apt-38,TAGCGCTATTAGTGTTTGTGGCGGCCGGTACTAGCCTTCTTTGGTA,Clust-24
Apt-39,GATTGTTGGTTTGCTGCGGTGGGCTCGTGGATCTTGGACCAGACGA,Clust-3
Apt-40,TTTCGGCGGGTGAATATCCAACTGGTCCGTCCCTTGGGATCTTTGC,Clust-5
Apt-41,CTGCGCCGCCGGGAACGACCTGGAAATCGAGTACGGGCTAGGTTAC,Clust-1
Apt-42,GACGACTTCCCGGGGATTTCCGTGATTCTCACCCAATGACCTGGTC,Clust-25
Apt-43,CCGCGCCGCCGGGAGGTAAATGTGTTTCGCTGTACGGTCTTGGTAA,Clust-1
Apt-44,CTGCGCCGCCGGGGTAAGATGTTTATCGAACGGTACGGGTTCTTTG,Clust-1
Apt-45,GGTTAAAGCTGTGGTTTGCTGAGGTGGGCGCTTTTAAACTCCTAAG,Clust-3
Apt-46,CCGCGCCGCCGGGAGCTATCGCTGACGATTTAGCGTACGGTATCCA,Clust-1
Apt-47,CTGCGCCGCCGGGAGAGCTCTTGGAGTCTCGTACGGTTTATTAGAC,Clust-1
Apt-49,CTGCACCGCCGGGAGAGCTCTTGGAGCCTCGTACGGTTTATTAGAC,Clust-1
Apt-50,CTGCGCCGCCGGGAGGTAAATGTGTTTCGCCGTACGGTCTTGGTAA,Clust-1
Apt-51,GAGCTAACCTCAAGTATTGCGTCTCTCGGGATGCTCTTATCACAGT,Clust-2
Apt-52,CCGCGCCGTCGGGAGTTTATTCTTGCAACGTACGATCGCGAAAATG,Clust-1
Apt-53,CTGCGCCGTCGGGGTGTCATAAGACTCAGAGTACGATCTTGGTACT,Clust-1
Apt-54,CCTCCGAACCTATCTTCACGAATCCCCGACTTGTTGCGTTTGCGTA,Clust-16
Apt-55,CTGCACCGCCGGGAGGTAAATGTGTTTCGCTGTACGGTCTTGGTAA,Clust-1
Apt-56,CAGTGCCACCGGGAAGGGATTTGGATCTTATGTACGGCCTCTAATC,Clust-1
Apt-57,TACGTGTTGGGTCTGCTCGGGATTGCGGAGGTACTGTAGGGATAAT,Clust-19
Apt-58,CAGCGCCGCCGGGGATAAGTGAAACGAATTGTACGGTTGACCAGAT,Clust-1
Apt-59,CGGTGGAGCTGTCGGTGAGCAGCGGCTGACATTGTGAGCCTTATTC,Clust-4
Apt-60,ACGGCTGCACCGCCGGGAACAAATTCGAGTACGGTCTGTCACTCCA,Clust-1
Apt-65,CAGTGCCACCGGGAGGGAGCTAATTTCCTCGGACGGTCACTTTGAC,Clust-1
Apt-66,GGTTTGCTGAGGTGGGCGTCGTTGAACGTTAGTTCGGGAATACTTG,Clust-3
Apt-67,GAGTGGCATCTATTACTCAGTGCTACGGCTCTCGGGATGCTCTTCA,Clust-2
Apt-68,CTGCGCCGCCGGGAAGTAAATGTGTTTCGCTGTACGGTCTTGGTAA,Clust-1
Apt-70,CGGTGGAGCTGTCGGTGAGCAGCGGTCGACATTGTGAGCCTTATTC,Clust-4
Apt-72,CGCTCCACATCCCCTGGTAGAGTCGCCCGCGGGAACACGTGTCGGC,Clust-26
Apt-73,TCCGGGATTCTACCTACTTCCCTGATAAAGGGGAGGCTTGTCGTGA,Clust-20
Apt-74,TAGGAGAGCCTAAAGGTGCTCGTCTCTCGGGATGTGTCCTTTATC,Clust-2
Apt-76,ATAGCGTTCCTAGAGCGTGGGGTGGCAGGTTTTTGAGCTTAGCTGT,Clust-6
Apt-78,GAATCTTTCTTATCGTGAAGAAAATGTCTCTCGGGATGCTCTGGCC,Clust-2
Apt-79,CTGCGCCGCCGGGAGGTAAATGTGTTTCACTGTACGGTCTTGGTAA,Clust-1
Apt-81,CTGTGCCACCGGGGTTGAGAAGTCAATGGTACGGTCATCTTTACCG,Clust-1
Apt-82,CTGCACCGCCGGGAGAGCTCTCGGAGTCTCGTACGGTTTATTAGAC,Clust-1
Apt-83,CAGCACATGAGCATTGGTTTGCGGAATTGCCGGTGAAGGCGATCGT,Clust-27
Apt-84,CTGCGCCGCCGGGAGGCAAATGTGTTTCGCTGTACGGTCTTGGTAA,Clust-1
Apt-85,CTGCGCCGCCGGGAGCACGACTTGAACGGGAGTACGGTCAATGATC,Clust-1
Apt-88,CTGCGCCGCCGGGAGGTAAATGTGTTTCGCTGTACGGTCTTGGTAG,Clust-1
Apt-89,CAGTGCCACCGGGGGTCAGTTTATATTGTCCGTTACGGGCTCCTGT,Clust-1
Apt-90,GACAGTTCTAAGCGTTCCCAAGCAGTTCACCAATTTGGGACTATAA,Clust-28
Apt-91,GAGTGGCATCTATTACTTAGTGCCACGGCTCTCGGGATGCTCTTCA,Clust-2
Apt-92,CTGCGCCGCCGGGAGGTAAACGTGTTTCGCTGTACGGTCTTGGTAA,Clust-1
Apt-93,CTGCGCCGCCGGGAGGTAAATGTGTTTCGCTGTACGGTCTTGGTGA,Clust-1
Apt-94,CTGCGCCGTCGGGAAGTCGGTTTGTGAACCTAGTACGATCTCTATT,Clust-1
Apt-95,ATAGCGTTCCTAGAGCGTGGGGTGGCAGGTTTTGAGCTTAGCTGC,Clust-6
Apt-96,GCAACCATGTACCTCAATGCCCTCGTAACCCGTTTGGTAGG,Clust-11
Apt-97,GAGTGGCATCTATTACTTAGTGCTGCGGCTCTCGGGATGCTCTTCA,Clust-2
Apt-98,CTGCACCGCCGGGAGGGCTCTTGGAGTCTCGTACGGTTTATTAGAC,Clust-1
Apt-99,CAAGCTGTCCTAATAGATGACGTCCTCACCTCGCTGTGTTTAATCG,Clust-13
Apt-101,GTAGCGTTCCTAGAGCGTGGGGTGGCAGGTTTTTGAGCTTAGCTGC,Clust-6
Apt-102,GAGTGGCACCTATTACTTAGTGCTACGGCTCTCGGGATGCTCTTCA,Clust-2
Apt-103,GAGTGGCATCTATTACTTAGCGCTACGGCTCTCGGGATGCTCTTCA,Clust-2
Apt-104,CTGCGCCGTCGGGACTCAGATACGGGAGGTACGATCACTTATTGCC,Clust-1
Apt-106,CTGCGCCGTCGGGGACATCGTTGGACGATCACTTATCACCTCTGTGT,Clust-1
Apt-107,TTTCGCCGGGTGAATATCCAACTGGTCCGTCCCTTGGGATCTTTGT,Clust-5
Apt-108,GCGGAGGGTTTGGCTTCGGTGTTCTGGCGTTGAGTTTGTCTTAGAG,Clust-17
Apt-109,GGTTTGCTGAGGTGGGCGTCGTTGAATGTTAGTTAGGGAATACTTG,Clust-3
Apt-110,TTTCGGCGGATGAATATCCAACTGGTCCGTCCCTTGGGATCTTTGT,Clust-5
Apt-111,TAGGAAACCTTCCTTTACTCCCCTGAGGTACCCGAGTATTGTTGCG,Clust-29
Apt-112,CCGCGCCGTCGGGAGGACCCTAATTAGGGTCCCGTACGAGCTCATC,Clust-1
Apt-114,GAGTGGCATCTATTACTTAGTGCTACGGCTCTCGGGACGCTCTTCA,Clust-2
Apt-115,GTCTGTTGACCTACGAGGTTCGTACCCGATTCAGTGCGTTTGCGAA,Clust-16
Apt-116,GAGTGGCATCTATTACCTAGTGCTACGGCTCTCGGGATGCTCTTCA,Clust-2
Apt-117,CTGTGCCACCGGGGCGCCGCGGCAGCGTGCGCAGTACGGGATCGAA,Clust-1
Apt-118,CTGCACCGCCGGGAGAGCTCTTGGAGTCTCGTACGGTCTATTAGAC,Clust-1
Apt-119,CGGCTCTCGGGATGTGAACTTTGGGAATAAGGAGCTGATTCTTGTT,Clust-2
Apt-120,CTGCACCGCCGGGAGAGCTCTTGGAGTCTTGTACGGTTTATTAGAC,Clust-1
Apt-121,CTGTGCCACCGGGGTAGTCTGACTAGACTTGGACGGTCGTTTTGCC,Clust-1
Apt-122,GAGTGGCATCTATTGCTTAGTGCTACGGCTCTCGGGATGCTCTTCA,Clust-2
Apt-123,CTGCACCGCCGGGAGAGCTCTTGGAGACTCGTACGGTTTATTAGAC,Clust-1
Apt-124,CTGCGCCGCCGGGAGGTAAATGTGTTTCGCTGTACGGTCTCGGTAA,Clust-1
Apt-125,CGGTGCCATCGGGACTTCGATAAATTCGGTAGGTACGAGATCTGTC,Clust-30
Apt-126,CCGCGCCGCCGGGAGGGCGATTCATAAACGGTCCGTACGGTTTCGA,Clust-1
Apt-128,CAGTGCCACCGGGAAAATCGGGTTTGCTGATAGTACGGGATCGCGA,Clust-1
Apt-129,CTGCACCGCCGGGAGAGCTCTTGGAGTCTCGTACGGTTTATTGGAC,Clust-1
Apt-130,ATTGGTTTGCTGCGGTGGGCGTCTCTGAACATGAGTCAAAACGTGT,Clust-3
Apt-132,CCGTGCCACCGGGAGTCGCCTGCGGACTGTACGGGCTCGCCCTATC,Clust-1
Apt-133,CAAAGCAGTTTGCTGAACAGACCCGGTTTACCCAATCGCTTTCTC,Clust-1
Apt-134,CGGTGGAGCTGTCGGTGAGCAGCGGTTGACATTGCGAGCCTTATTC,Clust-4
Apt-135,GAGTGGCATTTATTACTTAGTGCTACGGCTCTCGGGATGCTCTTCA,Clust-2
Apt-136,GAGTGGCATCTACTACTTAGTGCTACGGCTCTCGGGATGCTCTTCA,Clust-2
Apt-137,CGTTCCGATCTAACGGCCCACTCTTCCGACTTGTAGCGTTTGCGTA,Clust-16
Apt-138,CTGCACCGCCGGGAGAGCTCCTGGAGTCTCGTACGGTTTATTAGAC,Clust-1
Apt-140,GGCTCCTCTTAGGGGCTGTGACCGGCGGGCGGGACTGTAGCAGGAT,Clust-9
Apt-141,AAGCTGTTATTGGTGTTGGTGGGAGGCTCTGCTCTAGGTCATTGCT,Clust-8
Apt-142,CTGCGCCGCCGGGAGGTAAATGTATTTCGCTGTACGGTCTTGGTAA,Clust-1
Apt-144,CTGCACCGCCGGGAGAGCTCTTGGAGTCTCGTACGGTTTGTTAGAC,Clust-1
Apt-145,CTGTGCCACCGGGAGTTTAGGTAACCTTATGGACGGTCGTTTTTAC,Clust-1
Apt-146,CGGCACGCTCGTCGGTAGGTTTGGGGTTTTTGGAGTGTAGGAGGTA,Clust-15
Apt-147,CCGCGCCGTCGGGAGGTCCTCCTAAGCGCCGTACGATCGAATTTAT,Clust-1
Apt-148,CTGCACCGCCGGGAGAACTCTTGGAGTCTCGTACGGTTTATTAGAC,Clust-1
Apt-149,TTTCGGCGGGTGAATATCCAACTGGTCCGTCCCTTGGGGTCTTTGT,Clust-5
Apt-150,GGTTTGCTGAGGTGGGCGTCGTTGAATGTTAGTTCGGGAATAATTG,Clust-3
Apt-152,CGGTGGAGCTGTCGGCGAGCAGCGGTTGACATTGTGAGCCTTATTC,Clust-4
Apt-153,GAGTGGCATCTATTACTTGGTGCTACGGCTCTCGGGATGCTCTTCA,Clust-2
Apt-154,TGTGGTTTCCCTGAACGATTCTCGTCACCCGTATTGGTAGG,Clust-11
Apt-155,TTTCGACGGGTGAATATCCAACTGGTCCGTCCCTTGGGATCTTTGT,Clust-5
Apt-156,CTGCGCCGCCGGGAGGTTTTTCCGTACGGTCTCTCATGAGTATCAA,Clust-1
Apt-157,GGGGGTGCTGCCGTCGGGGATAAAAGTATCTTGGGAATAGCTCGA,Clust-12
Apt-158,GCAGTGTGCCACCGGGAAGAATTGTACGGCTTGTCTTGATCTACAG,Clust-1
Apt-159,GAGTAGCATCTATTACTTAGTGCTACGGCTCTCGGGATGCTCTTCA,Clust-2
Apt-160,CTGCACCGCCGGGAGAGCTTTTGGAGTCTCGTACGGTTTATTAGAC,Clust-1
Apt-161,GAGTGGTATCTATTACTTAGTGCTACGGCTCTCGGGATGCTCTTCA,Clust-2
Apt-163,NTGCGCCGCCGGGAGGTAAATGTGTTTCGCTGTACGGTCTTGGTAA,Clust-1
Apt-164,CCGCGCCGCCGGGAAGTACCTAGTAATCTGTACGGTCAGTACTACA,Clust-1
Apt-166,CTGCGCCGCCGGGAGGTGAATGTGTTTCGCTGTACGGTCTTGGTAA,Clust-1
Apt-167,CTGCACCGCCGGGAGAGCCCTTGGAGTCTCGTACGGTTTATTAGAC,Clust-1
Apt-169,CTGCGCCGCCGGGAGGTAAATGTGTTTTGCTGTACGGTCTTGGTAA,Clust-1
Apt-170,NAGTGGCATCTATTACTTAGTGCTACGGCTCTCGGGATGCTCTTCA,Clust-2
Apt-171,CGGTGGAGCTGTCGGTGAACAGCGGTTGACATTGTGAGCCTTATTC,Clust-4
Apt-172,NTTCGGCGGGTGAATATCCAACTGGTCCGTCCCTTGGGATCTTTGT,Clust-5
Apt-173,NGGTGGAGCTGTCGGTGAGCAGCGGTTGACATTGTGAGCCTTATTC,Clust-4
Apt-174,GGTTTGCTGAGGTGGGCGTCGTTGAATGTTAGTTCGGGAATACTTT,Clust-3
Apt-175,CTGTGCCACCGGGAGAGAAAACTTATACCGTACGGGCTCTAATGCA,Clust-1
Apt-176,CATCTCTTATTGGTGTTGGTGGCCGGAGATCTGTACTTCTTCGTTG,Clust-8
Apt-178,TTTCGGCGGGTGAATATCCAACTGGTCCGTCCCTTGGGATCTTGT,Clust-5
Apt-179,CGGTGGAGCTGTCGGTGAGCAGCGGTTGACATTGTGAGCCTTGTTC,Clust-4
Apt-181,CTGCGCCGTCGGGGCATTCCCTCGGAATGTGGATACGATCTCGATA,Clust-1
Apt-182,GGTTTGCTGAGGTGGGCGTCGTTGAATGTTAGTTCAGGAATACTTG,Clust-3
Apt-183,CGGTGGAGCTGTCGGTGAGCAGCGGTTGACATTGTGAGCCTTATCC,Clust-4
Apt-184,CGGTGGAGCTGTCGGTGAGCAGCGGTTGACATTGTGAGCCTTATTT,Clust-4
Apt-185,GAGGTTAGCCTGACCTTGGGCTCACCGTCTCTCGGGATTGCTCTTT,Clust-2
Apt-186,CTGCACCGCCGGGAGAGCTCTTGGAGTCTCGTACGGTTTACTAGAC,Clust-1
Apt-187,CGGTGGAGCTGTTGGTGAGCAGCGGTTGACATTGTGAGCCTTATTC,Clust-4
Apt-188,CTGCGCCGCCGGGAACCCTGTGTACGGGATTTATGCACCCTGCATT,Clust-1
Apt-189,CGGCGGAGCTGTCGGTGAGCAGCGGTTGACATTGTGAGCCTTATTC,Clust-4
Apt-190,CCGCGCCGTCGGGAAAACCTTGCGTCATACGATCTCTGCGAAAACT,Clust-1
Apt-191,GAGTGGCATCTATCACTTAGTGCTACGGCTCTCGGGATGCTCTTCA,Clust-2
Apt-192,TGACCCGTCTCTCGGGATGATTTATATAGGAGGGGATTACAGCATA,Clust-2
Apt-193,CTGCACCGCCGGGAGAGCTCTTGGAGTCTCGTACGGTTTATTAGGC,Clust-1
Apt-194,CCGCGCCGCCGGGAGGTTTTTCCGTACGGTCTCCCATGAGTATCAA,Clust-1
Apt-195,CGGTGGAGTTGTCGGTGAGCAGCGGTTGACATTGTGAGCCTTATTC,Clust-4
Apt-196,GAGTGGCATCTATTACTTAGTGTTACGGCTCTCGGGATGCTCTTCA,Clust-2
Apt-197,GAAACCCCCGGTGGTCTGGCGGTGTTGGCTCTCGGGATGCTCTTTA,Clust-2
Apt-198,GCAGTGTGCCACCGGGAAGAATTGTACGGCTTGTCTCGACCTACAG,Clust-1
Apt-199,CTGCGCCGCCGGGAGGTAAATGTGTTTCGCTGTACGGTCTTGGTCA,Clust-1
Apt-200,CCGCGCCGCCGGGAGATAGTTTGTTTTTCGGACGGGATATTCAGAC,Clust-1
Apt-201,CTGTGCCACCGGGGACGGGATAGGTACCGTCGGACGGTCAGTTAGT,Clust-1
Apt-202,TTGCATCCTCTCCGTTATTGGTGTTGGTGGGAGGAGGGGTAGCAGA,Clust-8
Apt-203,CTGCGCCGCCGGGAGGTAAATATGTTTCGCTGTACGGTCTTGGTAA,Clust-1
Apt-204,CCGCGCCGTCGGGAGGGACCCAAGTTCACCGTACGAGATCCTGTGC,Clust-1
Apt-205,TTTCGGCGGGTGAATATCCAACTGGTCCGTCCCTTGGGATCTTCGT,Clust-5
Apt-206,CGGTGGAGCTGTCGGTGAGCAGCGGTTGACATTGTGAGCCTTATTA,Clust-4
Apt-207,CGGTGGAGCTGTCGGTGAGCAGCGGTTGACATTGTGAACCTTATTC,Clust-4
Apt-208,NGTTTGCTGAGGTGGGCGTCGTTGAATGTTAGTTCGGGAATACTTG,Clust-3
Apt-210,TTGCGCCGCCGGGAGGTAAATGTGTTTCGCTGTACGGTCTTGGTAA,Clust-1
Apt-211,CCGCGCCGTCGGGAGGGACCCAAGTTCGCCGTACGAGATCCTGTGT,Clust-1
Apt-213,CCGCACCGCCGGGAGAGCTCTTGGAGTCTCGTACGGTTTATTAGAC,Clust-1
Apt-214,CTGCGCCGCCGGGAGGTAGATGTGTTTCGCTGTACGGTCTTGGTAA,Clust-1
Apt-215,CAGTGCCACCGGGCATCGGGGGTTACCCGATGGATACGGTCGATTT,Clust-1
Apt-216,GCAGTGTGCCACCGGGAAGAATTGTACGGCTTGTCTCGATTTACAG,Clust-1
Apt-217,CGTCTCTCGGGACGTCATGAAATGATTTGGAGCTTGGTTCTTGTTC,Clust-2
Apt-218,GGCTCCTCTTAGGGGCTGTGACCGGCGGGCGGGAATGTAGCGGGAT,Clust-9
Apt-219,TGGTGGAGCTGTCGGTGAGCAGCGGTTGACATTGTGAGCCTTATTC,Clust-4
Apt-220,NTAGCGTTCCTAGAGCGTGGGGTGGCAGGTTTTTGAGCTTAGCTGC,Clust-6
Apt-222,GAGTGACATCTATTACTTAGTGCTACGGCTCTCGGGATGCTCTTCA,Clust-2
Apt-223,TCGGTGTTATTGGTGTTGGTGGGAAGCGATTTATCTGACATTACAG,Clust-8
Apt-224,TGCAGCGTGGGGTGTAACGTTTTTGATCTTATAAACCTGGGGCTTG,Clust-6
Apt-226,NTGCACCGCCGGGAGAGCTCTTGGAGTCTCGTACGGTTTATTAGAC,Clust-1
Apt-227,GAGTGGCATCCATTACTTAGTGCTACGGCTCTCGGGATGCTCTTCA,Clust-2
Apt-230,GAGTGGCATCTATTACTTAGTGCTACGGCTCTCGGGATGCTCTTCG,Clust-2
Apt-231,CTGCGCCGCCGGGAGGTAAATGTGTTTCGCTGTACGGTCTTGGTAT,Clust-1
Apt-233,CCGCGCCGTCGGGAGGGCAATAGGTCCAGTACGATCTGTTTTACAG,Clust-1
Apt-234,CCGCGCCGTCGGGAGGGCACTAATTAGGGTCCCGTACGAGCTCATC,Clust-1
Apt-235,GGTTTGCTGAGGTGGGCGTCGTTGAATGTTATTTCGGGAATACTTG,Clust-3
Apt-236,AGCCTATACAGTTAGTTCGGCGTGTCACGTAACCCGTTTTGGTAGG,Clust-11
Apt-237,CTGCGCCGCCGGGAGGTAAATGTGTTTCGCTGTACGGTCTTGGTAC,Clust-1
Apt-238,TTTCGGCGGGTGAATATCCAACTGGTCCGTCCCTTGGGATCCTTGT,Clust-5
Apt-239,CTGCACCGCCGGGAGAGCTCTTGGAGTCCCGTACGGTTTATTAGAC,Clust-1
Apt-241,GGTTTGCTGAGGTGGGCGTCGTCGAATGTTAGTTCGGGAATACTTG,Clust-3
Apt-242,ATGCGCCGCCGGGAGGTAAATGTGTTTCGCTGTACGGTCTTGGTAA,Clust-1
Apt-243,GCAGAGGTTTGGGGATGGAGGGAGGTAATGCCGGCAAATTGAGTTC,Clust-15
Apt-244,CTGCACCGCCGGGAGGGATCTGTACGGGCTCTTCAACTTGTTATCT,Clust-1
Apt-245,CCGCGCCGCCGGGAGGTTTTTCCGTACGGTCTCTCATGGGTATCAA,Clust-1
Apt-246,CCGCGCCGTCGGGAGGACACTAATTAGGGTCCCGTACGAGCTCGTC,Clust-1
Apt-247,CCGCGCCGTCGGGAGGGACCCAAGTTTACCGTACGAGATCCTGTGT,Clust-1
Apt-250,CCGCGCCGCCGGGAGGTTTTTCTGTACGGTCTCTCATGAGTATCAA,Clust-1
Apt-251,CCGCGCCGCCGGGAGGGCGATTCATAAACGGTCCGTACGGTCTCGA,Clust-1
Apt-252,GCAGCGGTGCCATCGGGAGATATCACGTACGACCTGGATAAAAGGT,Clust-30
Apt-253,CGGTGGAGCTGTCGGTGAGCAGCAGTTGACATTGTGAGCCTTATTC,Clust-4
Apt-254,CTGCGCCGCCGGGACCGATGTCTATGTCGTGTACGGTCTGTTGTCT,Clust-1
Apt-255,CTGCGCCGTCGGGGCATTCCCTCGGAATGTGGATACGATCACGATA,Clust-1
Apt-256,CTGTGCCACCGGGAAAGATCTTTGTATTGGACGGTCCCGCCATCCAC,Clust-1
Apt-257,CCGCGCCGCCGGGAGGTTTTCCCGTACGGTCTCTCATGAGTATCAA,Clust-1
Apt-258,CCGCGCCGTCGGGAGGACACTAATTAGGGTCTCGTACGAGCTCATC,Clust-1
Apt-259,GAGTCGCTCCGAGATATGGTGTGACGGCTCTCGGGATGCTCTATTT,Clust-2
Apt-260,ATAGCGTTCCTGGAGCGTGGGGTGGCAGGTTTTTGAGCTTAGCTGC,Clust-6
Apt-261,CTGCACCGCCGGGAGAGCTCTTGGAGTCTCGTACGGTTTATTAGAT,Clust-1
Apt-262,CCGCGCCGTCGGGAGTTAGGACCGTACGATCTTCTTATGTCCCATT,Clust-1
Apt-263,TCCGGGATTCTACCTACTTCCCTGATAAAGGGGAGGCTTGTCGTTA,Clust-20
Apt-264,GAGTGGCATCTATTACTTAGGGCTACGGCTCTCGGGATGCTCTTCA,Clust-2
Apt-265,AGGTGGAGCTGTCGGTGAGCAGCGGTTGACATTGTGAGCCTTATTC,Clust-4
Apt-266,CTGCGCCGCCGGGGTGAGATGTTTATCGAACGGTACGGGTTCTTTG,Clust-1
Apt-267,CCGCGCCGTCGGGAGGGACCCAAGCTCACCGTACGAGATCCTGTGT,Clust-1
Apt-268,GAGTGGCATCTATTATTTAGTGCTACGGCTCTCGGGATGCTCTTCA,Clust-2
Apt-269,CTGCACCGCCGGGAGAGCTCTTGGGGTCTCGTACGGTTTATTAGAC,Clust-1
Apt-270,ATAGCGTTCCTAGAGCGTGGGGTGGCAGGTTTTTGAGCTTGGCTGC,Clust-6
Apt-271,ATAGCGTTCCTAGAGCGTGGGGTGGCAGGTTTTTTGAGCTTAGCTGC,Clust-6
Apt-272,GGCTCCTCTTAGGGGCTGTGACCGGCGGGCGGGAATGTAGTAGGAT,Clust-9
Apt-273,TTTCGGGTGAATATCCAACTGGTCCGTCCCTTGGGATCTTTGT,Clust-5
Apt-275,CTGCGCCGCCGGGGGGAGAGGTACTGACTGAACGGGCTTATATACCA,Clust-1
Apt-276,ACGGTATTACGATACCGCCTTGTACCTCGTCACCCGTATTGGTAGG,Clust-11
Apt-277,CTGCGCCGCCGGGAGGTAAATGCGTTTCGCTGTACGGTCTTGGTAA,Clust-1
Apt-278,CGGTGGAGCAGTCGGTGAGCAGCGGTTGACATTGTGAGCCTTATTC,Clust-4
Apt-279,CTGCACCGCCGGGAGAGCTCTTAGAGTCTCGTACGGTTTATTAGAC,Clust-1
Apt-280,CTGTGCCACCGGGAGTGTCTATAGTGCGGACGGTCTTGGTATTCCC,Clust-1
Apt-281,CTGCACCGCCGGGAGAGCTCTTGGAGTTTCGTACGGTTTATTAGAC,Clust-1
Apt-282,CCGCGCCGCCGGGAGGTTTTTCCGTACGGTCTCTCATGAGTATCGA,Clust-1
Apt-283,AGCATGTTGCCCGATAAATCATTGTCTCGTAACCCGTTTTGGTAGG,Clust-11
Apt-285,CCGCGCCGTCGGGAGGACGCTAATTAGGGTCCCGTACGAGCTCATC,Clust-1
Apt-287,GAATCATCCCAATGTCGTAAGGTGATGTCTCTCGGGACGCTCTTGT,Clust-2
Apt-288,CCGCGCCGCCGGGAGGTTTTCCGTACGGTCTCTCATGAGTATCAA,Clust-1
Apt-289,CTGTGCCACCGGGAGGGAAAACTTATACCGTACGGACTCTAATGCA,Clust-1
Apt-290,GGTTTGCTGTGGTGGGCGTCGTTGAATGTTAGTTCGGGAATACTTG,Clust-3
Apt-291,CGGTGGAGCTGACGGTGAGCAGCGGTTGACATTGTGAGCCTTATTC,Clust-4
Apt-292,CTGCACCGCCGGGAGAGTTCTTGGAGTCTCGTACGGTTTATTAGAC,Clust-1
Apt-294,AATTGGTTTGGGGAAGGAGGGGAGGTTTATTTTAGCGCGTGAAGGT,Clust-15
Apt-295,GGTTTGCTGAGGTGGGCGTCGTTGAATGTTAGTTCGGGAAAACTTG,Clust-3
Apt-296,CTGCGCCGCCGGGCATGCCTTAACCAGGGTATAGACGGGATCGCTT,Clust-1
Apt-297,CTGCACCGCCGGGAGAGCTCTTGGAGTCTCGTACGGTTTATTCGAC,Clust-1
Apt-298,CTGCGCCGTCGGGAGGGACCCAAGTTCACCGTACGAGATCCTGTGT,Clust-1
Apt-300,CCGCGCCGTCGGGAGGGACCCAAGTTCACCGTACGAGATCTTGTGT,Clust-1
Apt-301,CCGCGCCGCCGGGAGGTCTTTCCGTACGGTCTCTCATGAGTATCAA,Clust-1
Apt-302,TAGCGAGCCGGCGATCCCACCCTTCCCGACTTGTTGCGTTTGCTTT,Clust-16
Apt-303,GGTTTGCTGAGGTGGGCGTCGTTGAATGTTAGTTCGGGAATACTCG,Clust-3
Apt-304,CCGCGCCGCCGGGAGAGCTCTTGGAGTCTCGTACGGTTTATTAGAC,Clust-1
Apt-305,GGCTCCTCTTAGGGGCTGTGACCGGCGGGCGGGAATGTGGCAGGAT,Clust-9
Apt-307,CAGCGCCGTCGGGCACTCTCTGGGAGTGGGAGTACGATTTCTTCAC,Clust-1
Apt-308,TTTCGGCGGGTGAACATCCAACTGGTCCGTCCCTTGGGATCTTTGT,Clust-5
Apt-310,CGGCGCCGTCGGGATTTCCTCGCAGAAAAGTACGATCTTGGGTTAA,Clust-1
Apt-311,ACGTTAAACCTTGACTGGCTGCCCCTGAGGTACCCAATCTCTGTGT,Clust-29
Apt-312,CTGCGCCGTCGGGTTTTGGGTGTTATCCGTTACGAGATCTTTCTA,Clust-1
Apt-313,CCGCGCCGTCGGGAAGCATTTGTACGATCTCTTGCGACATTCCGCGC,Clust-1
Apt-314,CAAGCTGTCCTAATAGATGACGTCTTCACCTCGCTATGTTTAATCG,Clust-13
Apt-315,CTGCGCCGTCGGGGCATTCCCTCGGAATGTGGATACGATCGCGTTA,Clust-1
Apt-316,GAGTGGCATCAATTACTTAGTGCTACGGCTCTCGGGATGCTCTTCA,Clust-2
Apt-317,ATAGCGTTCCTAGAGCGTGGGGTGGCAGGTTTTTGAGCTAGCTGC,Clust-6
Apt-318,CGGTGCCACCGGGAATAATCGATTGTCCGTTATGTACGGGATCCTC,Clust-1
Apt-319,CCGCGCCGCCGGGTCTATTGTTTGACCAATGTTACGGGATCTTCCT,Clust-1
Apt-320,CCGCGCCGCCGGGAGGTTTTTCCGTACGGTCTCTCGTGAGTATCAA,Clust-1
Apt-321,GGTTTGCTGAGGTGGGCGTCGTTGAATGTTAGTTCGGGAATACATG,Clust-3
Apt-322,GGCACTCCTGTCGGGGCGCGACTAAAGTAAAAACGAGCGTTAGTAA,Clust-14
Apt-323,CCGCGCCGCCGGGAGGTTCTTCCGTACGGTCTCTCATGAGTATCAA,Clust-1
Apt-324,CCGCGCCGTCGGGAGGGCGATAGGTCCAGTACGATCTGTTTTACGG,Clust-1
Apt-325,CTGCGCCGCCGGGAGCTACAATCGTATCAGCGTACGGGCTCGGAAT,Clust-1
Apt-327,CTGCACCGCCGGGAGAGCTCTTGGAGTCTCGTACGGTTTATTATAC,Clust-1
Apt-330,CTGCGCCGTCGGGAGGACACTAATTAGGGTCCCGTACGAGCTCATC,Clust-1
Apt-331,CCGCGCCGCCGGGAGGTTTTTCCGTACGGTCTCTCATGAGTATCAG,Clust-1
Apt-333,GAGTGGCGGACCCCGCGTCTTCCACGTCTCTCGGGAAGCTCTGGAC,Clust-2
Apt-335,TTTCGGCGGGTGAATATCCAACTGGTCCGTCCCTTGGTATCTTTGT,Clust-5
Apt-336,CCGCGCCGCCGGGAGGTTTTTCCGTACGGTCTCTCATGAGTGTCAA,Clust-1
Apt-337,TTGCACCGCCGGGAGAGCTCTTGGAGTCTCGTACGGTTTATTAGAC,Clust-1
Apt-338,CGGTGGAGCTGTCGGTGAGCAGCGGTTGACATTGTGAGCCTTACTC,Clust-4
Apt-339,CTGCACCGCCGGGAGAGCTCTTGAAGTCTCGTACGGTTTATTAGAC,Clust-1
Apt-341,CGGTACCATCGGGGAAGGATCTTTCCTTCGATACGATCTCTTATCA,Clust-1
Apt-343,CGGTGGAGCCGTCGGTGAGCAGCGGTTGACATTGTGAGCCTTATTC,Clust-4
Apt-344,CTGCGCCGCCGGGAGGTAAATGTGTTTCGCTGTACGGTCTTGATAA,Clust-1
Apt-345,CTGTGCCACCGGGGGAGCGGTATGCGATGATATTACGGGCTATTAG,Clust-1
Apt-346,GCACGACTGTTGTAACGGTACCCAGCCTTTATTGGGGGTCTCGTA,Clust-22
Apt-348,CCGCGCCGACGGGAGGACCTGTTCCATACGTACTCATTTACATCCT,Clust-1
Apt-350,ATGCACCGCCGGGAGAGCTCTTGGAGTCTCGTACGGTTTATTAGAC,Clust-1
Apt-352,CTGCGCCGCCGGGGGGTAAATGTGTTTCGCTGTACGGTCTTGGTAA,Clust-1
Apt-353,CTGCGCCACCGGGAGGTAAATGTGTTTCGCTGTACGGTCTTGGTAA,Clust-1
Apt-354,GCAGTGTGCCCCCGGGAAGAATTGTACGGCTTGTCTCGATCTACAG,Clust-1
Apt-357,NCGCGCCGTCGGGAGGGACCCAAGTTCACCGTACGAGATCCTGTGT,Clust-1
Apt-359,ATAGCGTTCCTAGAGCGTGGGGTGACAGGTTTTTGAGCTTAGCTGC,Clust-6
Apt-360,CGGAGAAAATGGTGGTGACTATGCCGGCGGGTTTTCTTCGGTCAAG,Clust-7
Apt-362,CGGTGGAGCTGTCGGTGAGCAGCGATTGACATTGTGAGCCTTATTC,Clust-4
Apt-363,CCGCGCCGCCGGGAGGTTTTTCCGTACGGTCTCTCATGAGTACCAA,Clust-1
Apt-365,ATTCGGCGGGTGAATATCCAACTGGTCCGTCCCTTGGGATCTTTGT,Clust-5
Apt-366,CTGCACCGCCGGGAGAGCTCTTGGAGTCTCGTACGGGTTATTAGAC,Clust-1
Apt-367,GGTTTGCTGAGGTGGGCGTCGTTGAATGTTAATTCGGGAATACTTG,Clust-3
Apt-368,CTGCGCCGCCGGGAACGATGTCTATGTCGTGTACGGTCTGTTGTCC,Clust-1
Apt-369,CTGCGCCGTCGGGAGTTGCTGTGGCATAAGTACGAGATATTTCTAC,Clust-1
Apt-370,TTGCGCCGCCGGGTGGGTCTTGGTAAAAGCCTGTTACGGTCATCTG,Clust-1
Apt-371,GAGTGGCATCTGTTACTTAGTGCTACGGCTCTCGGGATGCTCTTCA,Clust-2
Apt-372,ACTTAGATAGTGCGCCGGTACCTTCAGGCTAATTATATCGAGTACG,Clust-21
Apt-373,CCGCGCCGCCGGGAGGTTTTTCCGTACGGTCTCTCATGAGCATCAA,Clust-1
Apt-374,GGCTCCTCTTAGGGGCTGTGACCGGCGGGCGGGAATGTAGCAGGAC,Clust-9
Apt-376,CTGCACCGCCGGGAGAGCTCTAGGAGTCTCGTACGGTTTATTAGAC,Clust-1
Apt-377,CCGCGCCGCCGGGAGGTTTCTCCGTACGGTCTCTCATGAGTATCAA,Clust-1
Apt-378,GAGTGGCATCTATTACTTAGTGCTACGGCTCTCGGGATGCTCTTAA,Clust-2
Apt-380,GGCTCCTCTTAGGGGCTGTGACCGGCGGGCGGGAATGTAACAGGAT,Clust-9
Apt-381,GAGTGGCATCTATTACTTAGTGCTACGGCTCTCGGGATACTCTTCA,Clust-2
Apt-382,TTGGGCGTAATTGGTTTGCTGCGGTGGGCGGCCCGATATCCCTTTC,Clust-3
Apt-383,TTTAGGCGGGTGAATATCCAACTGGTCCGTCCCTTGGGATCTTTGT,Clust-5
Apt-384,CCGCGCCGTCGGGATGTGCTTGTCGAGCCTGTACGATATCTGATTCC,Clust-1
Apt-385,ATAGCGTTCCTAGAGCGTGGGGTGGCGGGTTTTTGAGCTTAGCTGC,Clust-6
Apt-386,ATGGCGTTCCTAGAGCGTGGGGTGGCAGGTTTTTGAGCTTAGCTGC,Clust-6
Apt-387,CTGCGCCGCCGGGAGGTAAATGTGTTTCGCTGTATGGTCTTGGTAA,Clust-1
Apt-388,GAGTGGCATCTATTACTTAGTGCTAAGGCTCTCGGGATGCTCTTCA,Clust-2
Apt-390,CTGCACCGCCGGGAGAGCTCTTGGAGTCTCATACGGTTTATTAGAC,Clust-1
Apt-391,GAGTGAACGTGGTACAAGTTTACGTCTCTCGGGACGCTCGAAATAC,Clust-2
Apt-392,GAGTGGCATCTATTACATAGTGCTACGGCTCTCGGGATGCTCTTCA,Clust-2
Apt-393,ATAGCGTTCCTAGAGCGTGGGGTGGCAGGTTTTTGAGCTCAGCTGC,Clust-6
Apt-394,CTGCGCCGTCGGGTTCAGCTAGCATGCTTAGTACGATCTCTAGTTG,Clust-1
Apt-395,ACAATCCCGGTATTGGTGCTGGTGGGAGGGTTGTTAGGTACTCGC,Clust-8
Apt-396,GAGTGGCATCTATTACGTAGTGCTACGGCTCTCGGGATGCTCTTCA,Clust-2
Apt-397,GAATCAGGATGTCGATCCTTGATGGCTCTCGGGACGCGATTATATG,Clust-2
Apt-398,CTGTGCCACCGGGAGAGAAAACTTGTACCGTACGGACTCTAATGCA,Clust-1
Apt-399,TCGCGCCGTCGGGAGGGACCCAAGTTCACCGTACGAGATCCTGTGT,Clust-1
Apt-400,CCGCGCCGTCGGGAGGGGCCCAAGTTCACCGTACGAGATCCTGTGT,Clust-1
Apt-401,GGTTTGCTGAGGTGGGCGTCGTTGAATGTTAGTTTGGGAATACTTG,Clust-3
Apt-402,CCGCGCCGTCGGGAAACATTTGTACGATCTCTTGTGACATTCCGCGC,Clust-1
Apt-403,CCGCGCCGCCGGGAACGATGTCTATGTCGTGTACGGTCTGTTGTCT,Clust-1
Apt-404,GAGTGGCATCTATTACTTAGTGCAACGGCTCTCGGGATGCTCTTCA,Clust-2
Apt-405,CTGCGCCGCCGGGTAATGGACCCCATGATACGGTATCCATACGAAT,Clust-1
Apt-406,CTGCACCGCCGGGAGAGCTCTTGGAGTCTCGTACGGTTTATCAGAC,Clust-1
Apt-407,CTGTGCCACCGGGTGGTATCGAAAATACCGTAACGGGATCCTGTGC,Clust-1
Apt-409,GAATGGCCGTCGGATTTCCGATGCTATGGCTCTCGGGATGCTCTTC,Clust-2
Apt-410,TGGAGAAAATGGTGGTGACTATGCCGGCGGGTTTTCTTCGGTCAAA,Clust-7
Apt-411,TTGCTTTTCCCCGCAGCAGGACGTAAGCCCGTCCATTGGGTGGGTA,Clust-10
Apt-412,NCGCGCCGCCGGGAGGTTTTTCCGTACGGTCTCTCATGAGTATCAA,Clust-1
Apt-413,CCGCGCCGTCGGGAGGGACCTAAGTTCACCGTACGAGATCCTGTGT,Clust-1
Apt-414,CTGCGCCGCCGGGAGCGACCTGGAAATCGAGTACGGGCTAGGTTAC,Clust-1
Apt-415,AAGAGCGGTTTATTGGTGCTGGTGGTTGAGCTAATGACTACTTATC,Clust-8
Apt-417,GAGACCGAAGTAAAAAAAACTTTGGTCGTCTCTCGGGATGCTCGCC,Clust-2
Apt-418,TTGTGGATATCTTTGACGAACCTCGAAAAGACCCGGGACCCTCCGG,Clust-31
Apt-419,GGTTTGCTGAGGTGGGCGTCGTTGAATGTTAGTTCGGGAATACTTA,Clust-3
Apt-420,GCAGTGTGCCACCGGGAAGAATTGTACGGCCTGTCTCGATCTACAG,Clust-1
Apt-421,CTGCGCCGCCGGGGTAAGATGTTTATCGAACGGTACGGGCTCTTTG,Clust-1
Apt-422,TTTCGGCGGGTGGATATCCAACTGGTCCGTCCCTTGGGATCTTTGT,Clust-5
Apt-423,GTGTCATGGGCGGTGATGCGCCCTTATTAGTGTTTGTGACGGGGGG,Clust-24
Apt-425,GCAGCAGTGCCACCGGGAACGTTAGTAGGACGGCCTGTTACAAATA,Clust-1
Apt-426,CTGTGCCGCCGGGAGGTAAATGTGTTTCGCTGTACGGTCTTGGTAA,Clust-1
Apt-428,GGGGGTGCTGCCGTCGGGGATAAAAAGTATCTTGGGAACAGCTCGA,Clust-12
Apt-429,CCGCGCCGCCGGGAGGTTTTTCCGTACGGTCTCTCACGAGTATCAA,Clust-1
Apt-430,CTGCGCCGCCGGGAACGACTTGGAAATCGAGTACGGGCTAGGTTAC,Clust-1
Apt-431,CCGCGCCGTCGGGAGGGCGATAAGTCCAGTACGATCTGTTTTACAG,Clust-1
Apt-432,GCCATCGGCCTCCTCGACTTGGGTCTGCTCGGGATTGCGGAAAGGT,Clust-19
Apt-433,CCGCGCCGCCGGGAGGTTTTTCCGTACGGTCTCTCTTGAGTATCAA,Clust-1
Apt-434,TTGCTTTTCCCCGCAGCAGGACGTAGGCTCGTCCATTGGGTGGGTA,Clust-10
Apt-435,CTGCAGTAGTGAGTAAACTAGTTGGACTCGTAACCCGTATGGTAGG,Clust-11
Apt-436,GAGTGGCGTCTATTACTTAGTGCTACGGCTCTCGGGATGCTCTTCA,Clust-2
Apt-437,TTTCGGTGGGTGAATATCCAACTGGTCCGTCCCTTGGGATCTTTGT,Clust-5
Apt-438,CTGCGCCGTCGGGGCATTCCCTCGGAATGTGGATACGATCGCGATG,Clust-1
Apt-440,CGGTGGAGCTGTCGGTGAGCAGCGGTTGACATTGTAAGCCTTATTC,Clust-4
Apt-441,GAGTGGCATCTATTACTTAATGCTACGGCTCTCGGGATGCTCTTCA,Clust-2
Apt-442,CTGCACCGCCGGGAGAGCTCTTGAGTCTCGTACGGTTTATTAGAC,Clust-1
Apt-443,CTGAGCCGCCGGGAGGTAAATGTGTTTCGCTGTACGGTCTTGGTAA,Clust-1
Apt-445,CCGCGCCGCCGGGAGGTTTTTCCGTACGGTCCCTCATGAGTATCAA,Clust-1
Apt-446,CGGTGAAGCTGTCGGTGAGCAGCGGTTGACATTGTGAGCCTTATTC,Clust-4
Apt-447,CTGCGCCGCCGGGACGATAAGTAGTATTCGGTACGGTCACTATGTA,Clust-1
Apt-448,CTGCGCCGCCGGGAGAGTCCACTTGGCAATCGGACGGGCCCTATAA,Clust-1
Apt-449,ATAGCGTTCCTAGAGCGTGGGGTGGCAGGTTTTTGAGCTTATCTGC,Clust-6
Apt-450,CGGAGAAAATGGTGGTGACTATGCCGGCGGGTTTTCTTCGGCCAAA,Clust-7
Apt-451,GGTTTGCTGAGGTGGGCGTCGTTGAATGTTAGTTCGGGAATACTAG,Clust-3
Apt-453,TTTCGGCGGGTGAATATCCAACTGGTCCGTCCCTTGGGATCTTTGA,Clust-5
Apt-454,CGGTGGGGCTGTCGGTGAGCAGCGGTTGACATTGTGAGCCTTATTC,Clust-4
Apt-456,TTTCGGCGGGCGAATATCCAACTGGTCCGTCCCTTGGGATCTTTGT,Clust-5
Apt-457,CCGCGCCGTCGGGAGGGACCCAAGTTCACCGTACGAGATCCTGTAT,Clust-1
Apt-458,TAGGTGTGATCGAGTGGAATCTGTTATTGGTGTTGGTGGGAAGATG,Clust-8
Apt-459,CTGCGCCGCCGGGAGGTAAATGTGTTTCGCTGTACGGTCCTGGTAA,Clust-1
Apt-460,GAGATTGAGCGGGAACGCTTCAATAGGCTCTCGGGATGCTCTTTGG,Clust-2
Apt-461,GGTTTGCTGAGGTGGGCGTCGTTGAATGTCAGTTCGGGAATACTTG,Clust-3
Apt-462,CGGTGGAGCTATCGGTGAGCAGCGGTTGACATTGTGAGCCTTATTC,Clust-4
Apt-463,CTGCACCGCCGGGAGAGCTCGTGGAGTCTCGTACGGTTTATTAGAC,Clust-1
Apt-464,CCGCGCCGTCGGGAGGACACTAATTAGGGTCCCGTACGAGCTCATT,Clust-1
Apt-465,CTGTGCCACCGGGAGAGAAAACTTATACCGTACGGACTCTAATGCG,Clust-1
Apt-466,CCGCGCCGTCGGGAGGACACTAACTAGGGTCCCGTACGAGCTCATC,Clust-1
Apt-468,TCGCGCCGCCGGGAGGTTTTTCCGTACGGTCTCTCATGAGTATCAA,Clust-1
Apt-469,GGATTGGCTTCGGTGACTGGCGTGCGTCGACTATGCTTAGCATCAT,Clust-17
Apt-470,CGGTGGAGCTGTCGGTGAGCAGCGGTGGACATTGTGAGCCTTATTC,Clust-4
Apt-471,CTGCGCCGCCGGGAGGTAAATGTGTTTCGCTGTACGGTCTTGGTTA,Clust-1
Apt-472,CCGCGCCGTCGGGAAACATTTGTACGATCTCTTACGACATTCCGCGC,Clust-1
Apt-473,CCGCGCCGTCGGGAGGGACCCAAGTCCACCGTACGAGATCCTGTGT,Clust-1
Apt-474,TTTCGGCGGGTGAATATCCAACTGGTCCGTCCCTTGGGATTTTTGT,Clust-5
Apt-476,CCGCGCCGCCGGGAGCTACAATCGTATCAGCGTACGGGCTTGGAAT,Clust-1
Apt-477,CCGCGCCGCCGGGAGGTTTTTCCGTACGGTCTCTCATGTGTATCAA,Clust-1
Apt-478,CTGCGCCGTCGGGAAACATTTGTACGATCTCTTGCGACATTCCGCGC,Clust-1
Apt-479,TTGCGCCGCCGGGTGATTTAGCATTAGATTGGTACGGTATCGTAAA,Clust-1
Apt-480,CGGTGGAGCTGTCGGTAAGCAGCGGTTGACATTGTGAGCCTTATTC,Clust-4
Apt-481,CTGCACCGCCGGGAGAGCTCTTGGAGTCTCGTACGGTTCATTAGAC,Clust-1
Apt-484,GGTTTGCTGAGGTGGGCGTTGTTGAATGTTAGTTCGGGAATACTTG,Clust-3
Apt-486,GGGGGTGCTGCCGTCGGGGATAAAAAGTATCTTGGGACTAGCTCGA,Clust-12
Apt-487,GGTTTGCTGAGGTGGGCGTCGTTGAAAGTTAGTTCGGGAATACTTG,Clust-3
Apt-488,CGGTGGAGCTGTCGGTGAGCAGCGGTTAACATTGTGAGCCTTATTC,Clust-4
Apt-489,TTTCGGCGGGTGAATATCCAACTGGTCCGCCCCTTGGGATCTTTGT,Clust-5
Apt-490,GGGTGGCATCTATTACTTAGTGCTACGGCTCTCGGGATGCTCTTCA,Clust-2
Apt-491,GAGTGGCATCTATTACTTAGTGCTACGGCTCTCGGGATGCCCTTCA,Clust-2
Apt-492,GGTTTGCTGAGGTGGGCGTCGTTTAATGTTAGTTCGGGAATACTTG,Clust-3
Apt-494,CCGCGCCGCCGGGAGGTTTTTCCGTACGGTCTCTCATGAGTATTAA,Clust-1
Apt-495,TTTCGGCGGGTGAATATCCAACTGGTCCGTCCCTTGGGATCTTTAT,Clust-5
Apt-496,GGTTTGCTGAGGTGGGCGTCGTTGGATGTTAGTTCGGGAATACTTG,Clust-3
Apt-497,NGCTCCTCTTAGGGGCTGTGACCGGCGGGCGGGAATGTAGCAGGAT,Clust-9
Apt-498,CTGTGCCACCGGGAGAGAAGACTTATACCGTACGGACTCTAATGCA,Clust-1
Apt-499,CCGCGCCGTCGGGAGGGACCCAGGTTCACCGTACGAGATCCTGTGT,Clust-1
Apt-500,CAAGGATCTGGGGTGGATTTAGGGTTGTCTGGAGGTTAAGATTTTA,Clust-32
Apt-501,GAGTGGCATCTATTACTTAGTGCTACGGCTCTAGGGATGCTCTTCA,Clust-2
Apt-502,GGCTCCTTTTAGGGGCTGTGACCGGCGGGCGGGAATGTAGCAGGAT,Clust-9
Apt-503,CTGCGCCGCCGGGACCGACCTGGAAATCGAGTACGGGCTAGGTTAC,Clust-1
Apt-504,CAGCCGTGCCACCGGGAGTTCCGTTACGGACGTACGGATGTCGAAT,Clust-1
Apt-505,CTGCACCGCCGGGAGAGCTCTTGGAGTCTCGTACGGTGTATTAGAC,Clust-1
Apt-506,GGATGGTATTGGTGCTGGTGAGAATCCCTGAGTTACTTGGGAAATT,Clust-8
Apt-507,GAGTGGCATCTATTACTTAGTGCTACGGCTCTCGGGATGCTCCTCA,Clust-2
Apt-508,GAGTGGCATCTATTACTTAGAGCTACGGCTCTCGGGATGCTCTTCA,Clust-2
Apt-509,CTGCGCCGCCGGGAGGTAAATGTGTTCCGCTGTACGGTCTTGGTAA,Clust-1
Apt-510,GAGTGGCATCTATTACTTAGTGCTACGGCCCTCGGGATGCTCTTCA,Clust-2
Apt-511,TCACACGGGAGTTATTGGTGGTGGTGGCGACGACCGTTGTACTTCA,Clust-8
Apt-512,ATAGCGTTCCTAGAGCGTGGGGTGGCAGGTTTTTGGGCTTAGCTGC,Clust-6
Apt-513,CTGCGCCGCCGGGAGGTAAATGTGTTTCGCTATACGGTCTTGGTAA,Clust-1
Apt-514,ATAGCGTTCCTAGAGCGTGGGGTGGCAGGTTTTTGAGCTTAGCTGA,Clust-6
Apt-516,GGTTTGCTGAGGTGGGCGTCGTTGAATTTTAGTTCGGGAATACTTG,Clust-3
Apt-517,CTGCGCCGCCGGGAGGTAAATGTGTCTCGCTGTACGGTCTTGGTAA,Clust-1
Apt-518,CCGCGCCGTCGGGAGGGCGATTGGTCCAGTACGATCTGTTTTACAG,Clust-1
Apt-519,CCGCGCCGCCGGGAGGCTTTTCCGTACGGTCTCTCATGAGTATCAA,Clust-1
Apt-520,CGGTGGAGCTGTCGGTGAGCAGCGGTTGACATTGTGAGCCCTATTC,Clust-4
Apt-521,ATAGCGTTCCTAGAGCGTGGGGTGGCAGGTTTTTGAGCCTAGCTGC,Clust-6
Apt-522,TTGCTTTCCCCGCAGCAGGACGTAAGCTCGTCCATTGGGTGGGTA,Clust-10
Apt-523,CTGCGCCGCCGGGAACGATGCCTATGTCGTGTACGGTCTGTTGTCT,Clust-1
Apt-524,TTTCGGCGGGTGAATATCCAACTGGTCCGTCCCCTGGGATCTTTGT,Clust-5
Apt-525,ATAGTGTTCCTAGAGCGTGGGGTGGCAGGTTTTTGAGCTTAGCTGC,Clust-6
Apt-526,ATAGCGTTCCTAGAGCGTGGGGTGGTAGGTTTTTGAGCTTAGCTGC,Clust-6
Apt-527,CGTGCATTCGTAACGCTTAGTAATGTGGAGTTCCATGTCTTGTCAA,Clust-18
Apt-528,CTGCGCCGCCGGGAGGTAAATGTGTTCGCTGTACGGTCTTGGTAA,Clust-1
Apt-529,ATAGCGTTTCTAGAGCGTGGGGTGGCAGGTTTTTGAGCTTAGCTGC,Clust-6
Apt-530,TTTCGGCGGGTGTATATCCAACTGGTCCGTCCCTTGGGATCTTTGT,Clust-5
Apt-531,CTGCGCCGCCGGGAACGATGTCTACGTCGTGTACGGTCTGTTGTCT,Clust-1
Apt-533,GAGTGGCATCTATTACTTAGTGCTACGGCTCTTGGGATGCTCTTCA,Clust-2
Apt-534,CCGCGCCGTCGGGAGGACACTAATTAGGGTTCCGTACGAGCTCATC,Clust-1
Apt-535,CTGCACCGCCGGGAGAGCTCTTTGAGTCTCGTACGGTTTATTAGAC,Clust-1
Apt-536,CTGTGCCACCGGGAGAGAAAACTTATATCGTACGGACTCTAATGCA,Clust-1
Apt-537,CGGTGGAGCTGTCGGTGAGTAGCGGTTGACATTGTGAGCCTTATTC,Clust-4
Apt-538,CTGCGCCGTCGGGGCATTCCCTTGGAATGTGGATACGATCGCGATA,Clust-1
Apt-539,CTGCGCCGCCGGGAGGTAAATGTGTTTCGCTGCACGGTCTTGGTAA,Clust-1
Apt-540,CTGCGCCGCCGGGAGGTAAATGTGTTTCGCTGTACGGTCTAGGTAA,Clust-1
Apt-541,GGTTTGCTGAGGTGGGCGTCGTTGAATGTTGGTTCGGGAATACTTG,Clust-3
Apt-542,CCGCGCCGTCGGGAGGTCTTCCTAAGCGCCGTACGATCGAATTTAT,Clust-1
Apt-543,CTGCGCCGCCGGGAGGTAAATGTGTTTCGCTGTGCGGTCTTGGTAA,Clust-1
Apt-544,CAGCGCCGTCGGGAGGGACCCAAGTTCACCGTACGAGATCCTGTGT,Clust-1
Apt-545,GGTGGGGGTCTGCCCGGGATTGCGAATACAGTCTTTCTATTATGTC,Clust-19
Apt-546,CCGCGCCGTCGGGAGAACCTTGCGTCATACGATCTCTGCGAAAACT,Clust-1
Apt-547,GGTTTGCTGAGGTGGGCGTCATTGAATGTTAGTTCGGGAATACTTG,Clust-3
Apt-549,GAGTGGCATCTAATACTTAGTGCTACGGCTCTCGGGATGCTCTTCA,Clust-2
Apt-550,GAGCGGCATCTATTACTTAGTGCTACGGCTCTCGGGATGCTCTTCA,Clust-2
Apt-551,GAGTGGCATCTATTACTTAGTGCTACGGCTCTCGGGGTGCTCTTCA,Clust-2
Apt-553,CGGTGGAGCTGTCGGTGAGCAGCGGTTGACATTGTGAGCCTCATTC,Clust-4
Apt-554,GGTTTGCCGAGGTGGGCGTCGTTGAATGTTAGTTCGGGAATACTTG,Clust-3
Apt-555,TTGCTTTTCCCCGCAGCAGGACGTAAGCTAGTCCATTGGGTGGGTA,Clust-10
Apt-556,CGGGGAAAATGGTGGTGACTATGCCGGCGGGTTTTCTTCGGTCAAA,Clust-7
Apt-558,ATAGCGTTCCTAGGGCGTGGGGTGGCAGGTTTTTGAGCTTAGCTGC,Clust-6
Apt-561,CGGAGAAAATGGTGGTGACTATGCCGGCGGGTTTTCTTTGGTCAAA,Clust-7
Apt-562,GGTTTGCTGAGGTGGGCGTCGTTGAATGTTAGTTCGGGACTACTTG,Clust-3
Apt-563,CTACACCGCCGGGAGAGCTCTTGGAGTCTCGTACGGTTTATTAGAC,Clust-1
Apt-564,ATGTGTATAGTTGCTGTTGTCTCCGGTTCGAACGAGGGAAGCTACT,Clust-33
Apt-565,CTGCGCCGCCGGGAGGTAAATGTGTTTCGCTGTACGGTCTTGTTAA,Clust-1
Apt-566,CATGTTATGGGTTTGGCTCCGGTGTCTGGCGATTAACTGCCGCAGA,Clust-17
Apt-567,CTGCACCACCGGGAGAGCTCTTGGAGTCTCGTACGGTTTATTAGAC,Clust-1
Apt-568,CTGAACCGCCGGGAGAGCTCTTGGAGTCTCGTACGGTTTATTAGAC,Clust-1
Apt-569,GGTTTGCTGGGGTGGGCGTCGTTGAATGTTAGTTCGGGAATACTTG,Clust-3
Apt-570,GAGTGGCATCTATTACTTAGTGATACGGCTCTCGGGATGCTCTTCA,Clust-2
Apt-571,CTGTGCCACCGGGGTTGAGAAGTCAATGGTACGGTCATCTTTACCA,Clust-1
Apt-572,CTGGGTCATACTTGCCGCTACTGGCTACGTCACCCGTATTGGTAGG,Clust-11
Apt-573,CGGTGGAGCTGTCGGTGAGCAGCGGTTGACATCGTGAGCCTTATTC,Clust-4
Apt-574,GGTTTGCTGAGGTGGGCGTCGTTGAATGCTAGTTCGGGAATACTTG,Clust-3
Apt-575,CTGCGCCGCCGGGAGCGATGTCTATGTCGTGTACGGTCTGTTGTCT,Clust-1
Apt-576,CTGCGCCGCCGGGAGGTAAATGTGTTTCGCTGTACGGTCTTTGTAA,Clust-1
Apt-577,CGGAGAAAATGGTGGTGACTATGCCGGCGGGTTTTCTTCGGTCAGA,Clust-7
Apt-578,CCGCGCCGTCGGGAGGGACCCAAGTTCACCGTACGAGATCCTATGT,Clust-1
Apt-579,GGTTTGCTGAGGTGGGCGTCGTTGAATGTTAGTTCGGGAGTACTTG,Clust-3
Apt-580,ATAGCGTTCCTAGAGCGTGGGGTGGCAGGTTTTTGAGATTAGCTGC,Clust-6
Apt-581,GGACTTCTTGGTTTGCTGCGGTGGGCGTCGCTGGCTATAGGAGAAC,Clust-3
Apt-582,TTGCTTTTCCCCGCAGCAGGACGTAAGTTCGTCCATTGGGTGGGTA,Clust-10
Apt-583,CTGCGCCGCCGGGATCTAATTCGTAAGTTAATGGTACGGTTTCTAT,Clust-1
Apt-584,CTGCACCGCCGGGAGAGCTCTTGTAGTCTCGTACGGTTTATTAGAC,Clust-1
Apt-585,CGGTGGAGCTGTCGGTGAGCAGCGGTTGACATTGTGAGTCTTATTC,Clust-4
Apt-586,CTGCGCCGCCGGGAGGTAAATGTGCTTCGCTGTACGGTCTTGGTAA,Clust-1
Apt-588,TAAGCTGTCCTAATAGATGACGTCTTCACCTCGCTGTGTTTAATCG,Clust-13
Apt-589,CCGCGCCGCCGGGAGGTTTTTTCGTACGGTCTCTCATGAGTATCAA,Clust-1
Apt-590,CACTCAAGCCCGATTTCTAGGCATCCGTTATATATCGAGGTCCGTC,Clust-34
Apt-591,CTGTGCCACCGGGTCTACGGTCTCTGAACGTTACGGTTTCTGCTAG,Clust-1
Apt-593,CTGCGCCGCCGGGAGGTAATGTGTTTCGCTGTACGGTCTTGGTAA,Clust-1
Apt-594,CGTGCATTCGTAACGCTTAGTACTGTGGAATTCCATGTCTTGTCAA,Clust-18
Apt-595,CTGCGCCGCCGGGAGGTAAATGTGTTTCGCTGTACGGTCGTGGTAA,Clust-1
Apt-596,ATAGCGTTCCTAGAGCGTGGGGTGGCAGGTTTTTGAGCTTAGCTAC,Clust-6
Apt-597,GAGTGGCATCTATTACTTAGTGCTATGGCTCTCGGGATGCTCTTCA,Clust-2
Apt-599,GAGTGGCATCTATTACTTAGTGCTACGGCTCCCGGGATGCTCTTCA,Clust-2
Apt-600,GAGTGGCATCTATTACTTAGTGCTACGGCTCTCGGGATGATCTTCA,Clust-2
Apt-601,GGAGCGGTATTGGTTTTGGTGGTAGTCCACGGTCTGATTAGTCGAC,Clust-8
Apt-602,CGGTGGAGCTGTCGGTGAGCAGCGGTTGACATTGTGGGCCTTATTC,Clust-4
Apt-603,GAGTGGCATCTATTACTAAGTGCTACGGCTCTCGGGATGCTCTTCA,Clust-2
Apt-604,GGTTTGCTGAGGTGGGCGTCGTTGAATGTTAGTTCGGGGATACTTG,Clust-3
Apt-605,ATAGCGTTCCTAGAGCGTGGGGTGGCAGGTTTTCGAGCTTAGCTGC,Clust-6
Apt-607,TTTCGGCGGGTGAATATCCGACTGGTCCGTCCCTTGGGATCTTTGT,Clust-5
Apt-608,TTGCGCCGCCGGGAGAGACTATTGTACGGTGTCTTGGGAACATCGT,Clust-1
Apt-610,GAGTGGCATCTATTACTTAGTGCTACGACTCTCGGGATGCTCTTCA,Clust-2
Apt-611,GGTTGCTGAGGTGGGCGTCGTTGAATGTTAGTTCGGGAATACTTG,Clust-3
Apt-612,GAGTTGCATCTATTACTTAGTGCTACGGCTCTCGGGATGCTCTTCA,Clust-2
Apt-614,CTGCGCCGCCGGGAGAGCTCTTGGAGTCTTGTACGGTTTATTAGAC,Clust-1
Apt-615,CTGCGCCGCCGGGAGGTAAATGTGTTTCGCTGTACGGTCTGGGTAA,Clust-1
Apt-616,GAGTGGCATATATTACTTAGTGCTACGGCTCTCGGGATGCTCTTCA,Clust-2
Apt-617,CTGCGCCGCCGGGAGGTAAATGTGTTTCGCTGTACGGCCTTGGTAA,Clust-1
Apt-618,CCGCGCCGTCGGGAGGGACTCAAGTTCACCGTACGAGATCCTGTGT,Clust-1
Apt-619,CTGCGCCGCCGGGAGGTAAGTGTGTTTCGCTGTACGGTCTTGGTAA,Clust-1
Apt-620,TTTCGGCGGGTGAATATCCAACTGGTCCATCCCTTGGGATCTTTGT,Clust-5
Apt-621,ATAGCGTTCCCAGAGCGTGGGGTGGCAGGTTTTTGAGCTTAGCTGC,Clust-6
Apt-622,CGGAGAAAATGGTGGTGACCATGCCGGCGGGTTTTCTTCGGTCAAA,Clust-7
Apt-623,CCGCGCCGCCGGGAGGTTTTTTCCGTACGGTCTCTCATGAGTATCAA,Clust-1
Apt-624,TTTCGGCGGGTGAATATCCAACTGGTCCGTCCCTTGGGATCTTTGG,Clust-5
Apt-625,ATAGCGTTCCTAGAGCGTGGGGTGGAAGGTTTTTGAGCTTAGCTGC,Clust-6
Apt-626,ATAGCGTCCCTAGAGCGTGGGGTGGCAGGTTTTTGAGCTTAGCTGC,Clust-6
Apt-627,CTGTACCGCCGGGAGAGCTCTTGGAGTCTCGTACGGTTTATTAGAC,Clust-1
Apt-628,GGTTTGCTGAGGTGGGCGTCGCTGAATGTTAGTTCGGGAATACTTG,Clust-3
Apt-629,GGTTTGCTGAGGTGGGCGTCGTTGAATGGTAGTTCGGGAATACTTG,Clust-3
Apt-630,TTTCGGCGGGTGAATATCCAACTGGCCCGTCCCTTGGGATCTTTGT,Clust-5
Apt-631,CAGCTGTGCCACCGGGAGTTCCGTTACGAACGTACGGATGTCGAAT,Clust-1
Apt-632,CAAGCTGTCCTAATAGATGACGCCTTCACCTCGCTGTGTTTAATCG,Clust-13
Apt-633,CTGCGCCGCCGGGGTAAGATGTTTATCGAACAGTACGGGTTCTTTG,Clust-1
Apt-634,CCGCGCCGTCGGGAGGACACTAATTGGGGTCCCGTACGAGCTCATC,Clust-1
Apt-635,CTGCGCCGCCGGGAGGTAAATTTGTTTCGCTGTACGGTCTTGGTAA,Clust-1
Apt-636,CAGCGCCGCCGGGAGGTAAATGTGTTTCGCTGTACGGTCTTGGTAA,Clust-1
Apt-638,CAGCCGTGCCACCGGGAGTTCTGTTACGAACGTACGGATGTCGAAT,Clust-1
Apt-639,CGGTGGAGCTGTCGGTGAGCAGCGGTTGTCATTGTGAGCCTTATTC,Clust-4
Apt-640,CGGAGGAAATGGTGGTGACTATGCCGGCGGGTTTTCTTCGGTCAAA,Clust-7
Apt-641,CAGCGCCGCCGGGAGGTTTTTCCGTACGGTCTCTCATGAGTATCAA,Clust-1
Apt-643,CCGCGCCGTCGGGAGGACACTGATTAGGGTCCCGTACGAGCTCATC,Clust-1
Apt-644,ATAGCGTTCCTAGAGCGTGGGGCGGCAGGTTTTTGAGCTTAGCTGC,Clust-6
Apt-645,CGGTGGAGCTGTCGGTGAGCAGCGGTTGGCATTGTGAGCCTTATTC,Clust-4
Apt-646,CTGCACCGCCGGGAGAGCTCTTGGAGTCTCGTACGGTTTATTAGAA,Clust-1
Apt-647,TTTCGGCGGGTGAATATCCAACTGGTCCGTCCCTTGGGATCTCTGT,Clust-5
Apt-648,NCGCGCCGTCGGGAGGACACTAATTAGGGTCCCGTACGAGCTCATC,Clust-1
Apt-649,GGTTTGCTGAGGTGGGCGTCGTTGAATGTTAGTTCGGGAATACCTG,Clust-3
Apt-650,CTGTGCCACCGGGAGGTAAATGTGTTTCGCTGTACGGTCTTGGTAA,Clust-1
Apt-651,GAGTGGCAACTATTACTTAGTGCTACGGCTCTCGGGATGCTCTTCA,Clust-2
Apt-652,AACGGGGTTTGGCTTCGGTGTCTGGCGGCGGTCTTGTCGCAATTGC,Clust-17
Apt-653,GAGTGGCATCTATTACTTAGTGCTACGGCTCTCTGGATGCTCTTCA,Clust-2
Apt-654,CTGCTTATTGGTGTTGGTGGCGGGCCAGGTTTCTCTCACTATACAA,Clust-8
Apt-655,CAGCCGTGCCACCGGGAGTTCCGTTATGAACGTACGGATGTCGAAT,Clust-1
Apt-656,GAGTGGCATCTATTACTTAGTGCTACGGCTCTCGGGATGTTCTTCA,Clust-2
Apt-657,CGTGCATTCGTAACGCTTAGTAATGTGGGATTCCATGTCTTGTCAA,Clust-18
Apt-658,ACGCGCCGTCGGGAGGGACCCAAGTTCACCGTACGAGATCCTGTGT,Clust-1
Apt-660,CGGTGCCACCGGGGTCAACTTTTTGGTAGATGTTACGGTCTCATCA,Clust-1
Apt-661,CTGCACCGCCGGGAGAGCTCTTGGAGTCACGTACGGTTTATTAGAC,Clust-1
Apt-662,CGGTGGAGCTGTCGGTGAGCAGCGGTTGACAATGTGAGCCTTATTC,Clust-4
Apt-663,TTGCTTTTCCCCGCAGCAGGACGTAAGCTTGTCCATTGGGTGGGTA,Clust-10
Apt-664,CTGCGCCGCCGGGAGGTAAATGTGTTTCGCTGTACGGTCTTGGCAA,Clust-1
Apt-665,CTGCGCCGCCAGGAGGTAAATGTGTTTCGCTGTACGGTCTTGGTAA,Clust-1
Apt-666,CCGCGCCGTCGGGAAACATTTGTACGATCTCTTGCAACATTCCGCGC,Clust-1
Apt-667,CTGCGCCGCCGGGAGAGCTCTTGGAGCCTCGTACGGTTTATTAGAC,Clust-1
Apt-669,GAGTGGCATCTATTACTTAGTGCTACGGCTCTCGGGATGCTCTCCA,Clust-2
Apt-670,TTTCGGCGGGTAAATATCCAACTGGTCCGTCCCTTGGGATCTTTGT,Clust-5
Apt-671,CGGTGGAGCTGTCGGTGAGCAGTGGTTGACATTGTGAGCCTTATTC,Clust-4
Apt-673,CAGTGCCACCGGGAAGGGATTTGGATCTTATGTACGGTCTCTAATC,Clust-1
Apt-674,CGGTGGAGCTGTCGGTGAGCAGCGGTTGACATTTTGAGCCTTATTC,Clust-4
Apt-675,CTGCACCGCCGGGAGAGCTCTTGGAGTCTCGTACGGTTTATTAAAC,Clust-1
Apt-676,TTTCGGCGGGTGAATAGCCAACTGGTCCGTCCCTTGGGATCTTTGT,Clust-5
Apt-677,CTGCACCGCCGGGAGAGCTCTTGGAGTCTCGTACGGTTTATTTGAC,Clust-1
Apt-679,CTGCACCGCCGGGGGAGCTCTTGGAGTCTCGTACGGTTTATTAGAC,Clust-1
Apt-680,CTGTGCCACCGGGAAGTCCAACTGTACGGGCTCTTAGTGTAGTAAT,Clust-1
Apt-681,TTTCGGCGGGTGAGTATCCAACTGGTCCGTCCCTTGGGATCTTTGT,Clust-5
Apt-682,CATGCTGTCCTAATAGATGACGTCTTCACCTCGCTGTGTTTAATCG,Clust-13
Apt-683,TTGCTTTTCCCCGCAGCAGGACGTAAACTCGTCCATTGGGTGGGTA,Clust-10
Apt-684,GGTTTGCTGAGGTGGGCGTCGTTGAATGTTAGTTAGGGAATAATTG,Clust-3
Apt-685,NGGAGAAAATGGTGGTGACTATGCCGGCGGGTTTTCTTCGGTCAAA,Clust-7
Apt-686,CTGCGCCGCCGGGAGCTACAATTGTATCAGCGTACGGGCTTGGAAT,Clust-1
Apt-687,GAGTGGCATCTATTACTTAGTACTACGGCTCTCGGGATGCTCTTCA,Clust-2
Apt-688,CTGCGCCGTCGGGGCATTCCCTCGGAATGTGGATACGATCGCGATT,Clust-1
Apt-689,TATGGGGAGGTTCTGGGGTGGATTTAGGGTCCGCATATCGGTCGAT,Clust-32
Apt-690,CGGAGAAGATGGTGGTGACTATGCCGGCGGGTTTTCTTCGGTCAAA,Clust-7
Apt-691,GGGGTGCTGCCGTCGGGGATAAAAAGTATCTTGGGAATAGCTCGA,Clust-12
Apt-692,CTGCACCGCCGGGAGAGCTCTTGGAGTCTCGTATGGTTTATTAGAC,Clust-1
Apt-693,CTGCACCGCCGGGAGAGCTCATGGAGTCTCGTACGGTTTATTAGAC,Clust-1
Apt-694,GCAGTGTGCCACCGGGAAGAATTGTACGGCTTGTCTCGATCTACGG,Clust-1
Apt-695,GAGTGCATCTATTACTTAGTGCTACGGCTCTCGGGATGCTCTTCA,Clust-2
Apt-696,CGGTGGAGCTGTCGGTGAGCAGCGGTTGACATTGTGAGCCTTATAC,Clust-4
Apt-697,CCGTGCCACCGGGTCTGTTCCATCGGAAGGTTTACGGTCACTAGAA,Clust-1
Apt-698,TTTCGGCGGGTGAATATCCAACTGGTCCGTCCATTGGGATCTTTGT,Clust-5
Apt-699,ACGCGCCGCCGGGAGGTTTTTCCGTACGGTCTCTCATGAGTATCAA,Clust-1
Apt-700,CGGAGAAAATGGTGGTGACTATGCCGGCGGGTTTTCTCCGGTCAAA,Clust-7
Apt-701,CTGTGCCACCGGGAGAGAAAACTTATACCGTACGGACTCTGATGCA,Clust-1
Apt-702,GAGTGGCATCTATTACTTTAGTGCTACGGCTCTCGGGATGCTCTTCA,Clust-2
Apt-703,ACGGTCTCGATTTACTGATCGTAGGCGTCAGTGGAAACGGTGCTTA,Clust-35
Apt-704,CTGCGCCGCCGGGAGCTATAATCGTATCAGCGTACGGGCTTGGAAT,Clust-1
Apt-705,CGGAGAAAATGGTGGTGACTATGCCGGCGGGTTTTCTTCGGTCGAA,Clust-7
Apt-707,GGGGGTGCTGCCGTCGGGGATAAAAGGTATCTTGGGAATAGCTCGA,Clust-12
Apt-708,ACGTGCCGATCGTTATTGGTGTTGGTGGTAGGGAAGGTACGTCTCT,Clust-8
Apt-710,GAGTGGCATCTATTACTTAGTGCTACGGCTCTCGGGATGCTATTCA,Clust-2
Apt-711,GAGGTTGATGGTCGAAGAGCACGACCGGCTCTCGGGATGCTCTTTT,Clust-2
Apt-712,TCGCGCCGTCGGGAGGACACTAATTAGGGTCCCGTACGAGCTCATC,Clust-1
Apt-715,CCGCGCCGTCGGGAAACATTTGTACGATCTCTTGCGACACTCCGCGC,Clust-1
Apt-716,CTGCACCGCCGGGAGAGCTCTTGGTGTCTCGTACGGTTTATTAGAC,Clust-1
Apt-718,TTGCTTTTCCCCGCAGCAGGACGTGAGCTCGTCCATTGGGTGGGTA,Clust-10
Apt-719,CTGCGCCGCCGGGAGGTAAATGTGTTTCTCTGTACGGTCTTGGTAA,Clust-1
Apt-720,CGGTGGAGCTGTCGGTGGGCAGCGGTTGACATTGTGAGCCTTATTC,Clust-4
Apt-721,TTTCGGCGGGTGAATATCCAACTGGTCCGTCACTTGGGATCTTTGT,Clust-5
Apt-722,CTGCGCCGCCGGGAACGATGTCTATGTCGTGTACGGTCTGTTGCCT,Clust-1
Apt-724,GGTTTGCTGAGGTGGGCGTCGTTGAATGTTAGTTAGGGAATACTTT,Clust-3
Apt-725,ATAGCGTTCCTAGAGCATGGGGTGGCAGGTTTTTGAGCTTAGCTGC,Clust-6
Apt-726,GGTTTGTTGAGGTGGGCGTCGTTGAATGTTAGTTCGGGAATACTTG,Clust-3
Apt-727,GGGGGGTGCTGCCGTCGGGGATAAAAAGTATCTTGGGAATAGCTCGA,Clust-12
Apt-728,CCGCGCCGTCGGGAGTTTATTCTTACAACGTACGATCGCGAAAATG,Clust-1
Apt-729,ATCTGGGCAGCACGAAGCCCCCTTACCGATTCATTGCGTTTGCGTA,Clust-16
Apt-730,CTGCGCTGCCGGGAGGTAAATGTGTTTCGCTGTACGGTCTTGGTAA,Clust-1
Apt-731,GGTTTGCTGAGGTGGGCGTCGTTGAATGTTAGTTCGGGAATGCTTG,Clust-3
Apt-733,TGCATTTCGGGTTTGGCTTCGGTGACTGGCGGGAAATATAGCCGAA,Clust-17
Apt-734,CTGCGCCGCCGGGAACGATGTCTATGCCGTGTACGGTCTGTTGTCT,Clust-1
Apt-735,CTGCGCCGCCGGGAACGATGTCCATGTCGTGTACGGTCTGTTGTCT,Clust-1
Apt-736,CCGCGCCGTCGGGAGGGCGATAGTTCCAGTACGATCTGTTTTACAG,Clust-1
Apt-737,TCTCGGCGGGTGAATATCCAACTGGTCCGTCCCTTGGGATCTTTGT,Clust-5
Apt-738,TATCGGCGGGTGAATATCCAACTGGTCCGTCCCTTGGGATCTTTGT,Clust-5
Apt-739,CTGCGCCGCTGGGAGGTAAATGTGTTTCGCTGTACGGTCTTGGTAA,Clust-1
Apt-740,ATAGCGCTCCTAGAGCGTGGGGTGGCAGGTTTTTGAGCTTAGCTGC,Clust-6
Apt-741,GCAGTGTGCCACCGGGAAGAATTGTACGGCTTGTCTCGATCTGCAG,Clust-1
Apt-742,TTTCGGCGGGTGAATATCCAACTGGTCCGTCCCTTGGGATATTTGT,Clust-5
Apt-743,CTGCGCCGCCGGGAGCTACAATCGTATCAGCGTACGGGCTTGGACT,Clust-1
Apt-744,GGCACTCCTATCGGGGCGCGACTAAAGCAAAAACGAGCGTTAGTAA,Clust-14
Apt-745,NGGGGTGCTGCCGTCGGGGATAAAAAGTATCTTGGGAATAGCTCGA,Clust-12
Apt-746,GGTTTGCTGAGGTGGGCGTCGTTGACTGTTAGTTCGGGAATACTTG,Clust-3
Apt-748,CGGTGGAGCTGTCGGTGAGCAGCGGTTGACATTGAGAGCCTTATTC,Clust-4
Apt-750,CTGCGCCGCCGGGAACGATGTCTATGTCGTGTACGGTCTGTTGTTT,Clust-1
Apt-751,ATAGAGTTCCTAGAGCGTGGGGTGGCAGGTTTTTGAGCTTAGCTGC,Clust-6
Apt-752,ACGGTGTTTGGTTTGCTGCGGTGGGCTCAGACTGTCAGCTTTGAAT,Clust-3
Apt-753,GGGTCATAGTGCGCCGGTACCTTTAGTGACCCGCTGACGCTTTTGA,Clust-21
Apt-755,ATAGCGTTCCTAGAGCGTGGGGTGGCAGGTTTTTGAGCTTAGTTGC,Clust-6
Apt-756,ATAGCGTTCCTAGAGCGTGGGGTGGCAGGTTTTTGAGTTTAGCTGC,Clust-6
Apt-757,GTTCTAGGATCCCTTGCTTGGGGCGTTGGCGTTATTGGTGTTGGTG,Clust-8
Apt-758,ATAGCGTTCCTAGAGCGCGGGGTGGCAGGTTTTTGAGCTTAGCTGC,Clust-6
Apt-759,CAAACTGTCCTAATAGATGACGTCTTCACCTCGCTGTGTTTAATCG,Clust-13
Apt-760,CTGTGCCACCGGGAGATAAACGGTGTTTCGTACGGTATCTTCAGTA,Clust-1
Apt-762,GAGTGGCATCTATTACTTAGTGCTACTGCTCTCGGGATGCTCTTCA,Clust-2
Apt-763,CGGAGGAGCTGTCGGTGAGCAGCGGTTGACATTGTGAGCCTTATTC,Clust-4
Apt-764,ATAGCGTTCCTAGAGCGTGGGGGGCAGGTTTTTGAGCTTAGCTGC,Clust-6
Apt-765,GACAGTTCTAAGCGTTCCCAAGCAGTTCACCAATTTGGGACTATGA,Clust-28
Apt-766,ATAGCGTTCCTAGAGCGTGGGGTGGCAGGTTTTTGAGCTTAGCCGC,Clust-6
Apt-767,GGCTCCTCTTAGGGGCTGTGACCGGCGGGCGGGAATGTAGCAAGAT,Clust-9
Apt-769,CTGCGCCGCCGGGAGGTAAATGTGTTTCGCTGTAAGGTCTTGGTAA,Clust-1
Apt-771,CGGTGGAGCTGTCGGTGAGCAGCGGTTGACATTGTGAGCCATATTC,Clust-4
Apt-772,CTGCGCCGCCGGGAGGGCTCTTGGAGTCTCGTACGGTTTATTAGAC,Clust-1
Apt-773,CGGAGAAAATGGTGGTGACTATGCCGGCGGGTTTTCTTCAGTCAAA,Clust-7
Apt-774,ATAGCGTTCCTAGAGTGTGGGGTGGCAGGTTTTTGAGCTTAGCTGC,Clust-6
Apt-775,CTGCGCCGCCGGGAGCCACAATCGTATCAGCGTACGGGCTTGGAAT,Clust-1
Apt-776,CTGCACCGCCGGGAGAGCTCTTGGAGTCTCGTAAGGTTTATTAGAC,Clust-1
Apt-777,TTTCGGCGGGTGAATATCCAACTGGTCCTTCCCTTGGGATCTTTGT,Clust-5
Apt-778,CGCTCCACATCCCCTGGTAGAGTCGCCCGCGGGACCACGTGTCGGC,Clust-26
Apt-779,CCGCGCCGTCGGGAGGGACCCGAGTTCACCGTACGAGATCCTGTGT,Clust-1
Apt-781,CCGCGCCGTCGGGAGGACACCAATTAGGGTCCCGTACGAGCTCATC,Clust-1
Apt-782,CTGCGCCGCCGGGAGAGCTCTCGGAGTCTCGTACGGTTTATTAGAC,Clust-1
Apt-783,GGCTCCTCTTAGGGGCCGTGACCGGCGGGCGGGAATGTAGCAGGAT,Clust-9
Apt-785,CTGCGCCGCCGGGAGGTAAATGTGTTTCGATGTACGGTCTTGGTAA,Clust-1
Apt-786,CTGCGCCGCCGGGAGGTAAATGAGTTTCGCTGTACGGTCTTGGTAA,Clust-1
Apt-787,CCGCGCCGTCGGGAGGACACTAGTTAGGGTCCCGTACGAGCTCATC,Clust-1
Apt-790,CTGTGCCACCGGGAGAGCTCTTGGAGTCTCGTACGGTTTATTAGAC,Clust-1
Apt-793,CAGTGGCATCTATTACTTAGTGCTACGGCTCTCGGGATGCTCTTCA,Clust-2
Apt-794,CCGCGCCGTCGGGGATCGCTTCGCGCTCTTGATACGATCTCTTTCA,Clust-1
Apt-795,TTTCGGCGGGTGAATATCCAACTGGTCCGTCCCTTGGGATCGTTGT,Clust-5
Apt-796,CGGTGGAGCTGTCGGTGAGCAGCGGTTGACATTGTGAGCATTATTC,Clust-4
Apt-797,CGGTGGAGCTGTCGGTGAGCGGCGGTTGACATTGTGAGCCTTATTC,Clust-4
Apt-798,GGTTCGCTGAGGTGGGCGTCGTTGAATGTTAGTTCGGGAATACTTG,Clust-3
Apt-799,CTGCGCCGCCGGGAACGACGTCTATGTCGTGTACGGTCTGTTGTCT,Clust-1
Apt-800,ATAGCGTTCCTAGAGCGTGGGGTGGCAGGTTTTTGAGCTTAGATGC,Clust-6
Apt-802,CTGCGCCGTCGGGTCGATAGTCTAACTCGGTTACGATCTCGGGATG,Clust-1
Apt-803,CCGCGCCGCCGGGAGGTTTTTCAGTACGGTCTCTCATGAGTATCAA,Clust-1
Apt-804,TTTCGGCGGGTGAATATCCAACCGGTCCGTCCCTTGGGATCTTTGT,Clust-5
Apt-805,GTGAATGTAGGGGCTGCTCGGGATTGCGGATTAAGACACCGTGTAG,Clust-19
Apt-806,CCGCGCCGTCGGGAAAACCTTGCGTCGTACGATCTCTGCGAAAACT,Clust-1
Apt-807,CCGCGCCGCCGGGAGGTTTTTCCGTACGGTCTTTCATGAGTATCAA,Clust-1
Apt-808,TTTCGGCGGGTGAATATCAAACTGGTCCGTCCCTTGGGATCTTTGT,Clust-5
Apt-809,TCGAGAGAGGGGGGATTTCTAGGTATCCGTTATTTAAGGCCTGAGA,Clust-34
Apt-810,CGGAGAAAATGGTGGTGACTATGCCGGCGGGTTTTCTTCGGTTAAA,Clust-7
Apt-811,GAGTGGCATCTATTACTTAGTGCTACGGCTATCGGGATGCTCTTCA,Clust-2
Apt-812,ATAGCGTTCCTAGAGCGTGGGGTGGCAGGTTTTTGAGCTTCGCTGC,Clust-6
Apt-813,GGCACTCCTATCGGGGCGCGACTAAAGTAAATACGAGCGTTAGTAA,Clust-14
Apt-814,TTTCGGCGGGTGAATATCCAACTGGACCGTCCCTTGGGATCTTTGT,Clust-5
Apt-815,GAGTGGCATCTATTCTTAGTGCTACGGCTCTCGGGATGCTCTTCA,Clust-2
Apt-816,CTGCGCCGCCGGGAGGTAAATGTGTTTCGCTGTCCGGTCTTGGTAA,Clust-1
Apt-817,TTTCGGCGGGTGAATATCCAACTGGTCCGTCCCTCGGGATCTTTGT,Clust-5
Apt-819,CTGTGCCACCGGGAGAGAAAACTTACACCGTACGGACTCTAATGCA,Clust-1
Apt-820,CGGTGGAGCTGTCGGTGAGCAGCGGTTGACATTGTGAGACTTATTC,Clust-4
Apt-822,CTGCGCCGCCGGGAACAATGTCTATGTCGTGTACGGTCTGTTGTCT,Clust-1
Apt-823,GGCTCCTCTTGGGGGCTGTGACCGGCGGGCGGGAATGTAGCAGGAT,Clust-9
Apt-824,GGGGGTGCTGCCGTCGGGGATAAAAAGTATCTTAGGAATAGCTCGA,Clust-12
Apt-825,CTGCGCCGCCGGGAGGTAAATGTTTTTCGCTGTACGGTCTTGGTAA,Clust-1
Apt-826,CAGTGCCACCGGGAAGGGATTTGGATCTTATGTACGGCCTTTAATC,Clust-1
Apt-827,CAGCCGTGCCACCGGGAGTTCCGCTACGAACGTACGGATGTCGAAT,Clust-1
Apt-828,CTGCACCGCCGGGAGAGCTCTTGGAGTCGCGTACGGTTTATTAGAC,Clust-1
Apt-829,CGGTGGAGCTGTCGGTGAGCAGCGGGTGACATTGTGAGCCTTATTC,Clust-4
Apt-830,GAGTGGCATCTATTACTTAGTGCTACAGCTCTCGGGATGCTCTTCA,Clust-2
Apt-831,GGTTTGCTGAGGTGGGCGTCGTTGAGTGTTAGTTCGGGAATACTTG,Clust-3
Apt-832,CTGCGCCGCCGGGAGGTAAATGTGATTCGCTGTACGGTCTTGGTAA,Clust-1
Apt-833,CCGCGCCGTCGGGAGGGACCCAAGTTCACCGTACGAGATCCTGTGA,Clust-1
Apt-834,CAGCCGTGCCACCGGGAGTTCCGTCACGAACGTACGGATGTCGAAT,Clust-1
Apt-835,NTGCGCCGTCGGGGCATTCCCTCGGAATGTGGATACGATCGCGATA,Clust-1
Apt-836,CCGCGCCGTCGGGAAACATTTGTACGATCTCTTGCGACATTCCGCGT,Clust-1
Apt-837,CCGCGCCGTCGGGAAACATCTGTACGATCTCTTGCGACATTCCGCGC,Clust-1
Apt-838,CTGCGCCGCCGGGAGGTAAATGTATTTCGCCGTACGGTCTTGGTAA,Clust-1
Apt-839,CCGCGCCGTCGGGAGGGACCCAAGTTCCCCGTACGAGATCCTGTGT,Clust-1
Apt-840,CCGCGCCGCCGGGAGGTTTTTCCGTACGGTCTCTTATGAGTATCAA,Clust-1
Apt-842,CAGCCGTGCCACCGGGAGTTCCATTACGAACGTACGGATGTCGAAT,Clust-1
Apt-844,CTGCGCCGCCGGGAGCTACAATCGTGTCAGCGTACGGGCTTGGAAT,Clust-1
Apt-845,CTGCACCGCCGGGAGAGCTCTTGGAGTCTCGTACGGTTTATTAGTC,Clust-1
Apt-846,TTTCGGCGGGTGAATATCCAACTGGTCCGTCCCTTGGGATCTTTTT,Clust-5
Apt-847,CTGCGCCGCCGGGAGGTAAATGTGTATCGCTGTACGGTCTTGGTAA,Clust-1
Apt-848,ATAGCGTTCCTAGAGCGTGGGGTGGCAGGTCTTTGAGCTTAGCTGC,Clust-6
Apt-849,CTGCGCCGCCGGGACTCAGTAAATTGACTGATTGGACGGTCTCTCC,Clust-1
Apt-850,CTGCACCGCCGGGAGTGCTCTTGGAGTCTCGTACGGTTTATTAGAC,Clust-1
Apt-851,GAGTGGCATTTATTACTTAGTGCTACGGCTCTCGGGATGCTCTTTA,Clust-2
Apt-852,GGTTTGCTGAGGTGGGCGTCGTTGAATGTTAGCTCGGGAATACTTG,Clust-3
Apt-853,CTGCGCCGTCGGGGGTGCGTTCAGCAGTGGACGAACGAATTATTAA,Clust-1
Apt-854,CGGTGGAGCTGTCGGTGAGCAGCGGTTGACAGTGTGAGCCTTATTC,Clust-4
Apt-855,TGTGCCACCGGGAGCTAAGAGATTTTAGTCGTACGGGCCTCTACAC,Clust-1
Apt-856,CGGTGGAACTGTCGGTGAGCAGCGGTTGACATTGTGAGCCTTATTC,Clust-4
Apt-857,ATAGCGTTCCTAGAGCGTGGGGTGGCAGGTTTCTGAGCTTAGCTGC,Clust-6
Apt-858,CTGCGCCGCCGGGAGGTCAATGTGTTTCGCTGTACGGTCTTGGTAA,Clust-1
Apt-859,AAAATGAGTGGCGTGAAGTCCGGATTGGCAGTGGAAACGGTGATCT,Clust-35
Apt-860,CGGTGGAGCTGTCGGTGAGCAGCGGTTGATATTGTGAGCCTTATTC,Clust-4
Apt-862,TTGCTTTTCCCCGCAGCAGGTCGTAAGCTCGTCCATTGGGTGGGTA,Clust-10
Apt-863,GGTTTGCTGAGGTGGGCATCGTTGAATGTTAGTTCGGGAATACTTG,Clust-3
Apt-864,GAGTGGAATCTATTACTTAGTGCTACGGCTCTCGGGATGCTCTTCA,Clust-2
Apt-866,GAGTGGCATCTATTACTTAGTGCTACGGCTCTCGGGATGCTCATCA,Clust-2
Apt-867,AATGCCGGAGGAGCCTCCGCATGAGGAACGTAACCCGTGTGGTAGG,Clust-11
Apt-869,CAGCGCCGCCGGGAGCCATTGTATGTGTGTACGGGCAATTTGGACC,Clust-1
Apt-870,CTGCGCCGCCGGGAGGCGTATCCTTTAATTATCCCGGACGGTCTCG,Clust-1
Apt-871,CCGCGCCGCCGGGAGGTAAATGTGTTTCGCCGTACGGTCTTGGTAA,Clust-1
Apt-872,CTGCGCCGTCGGGGCATTCCCCCGGAATGTGGATACGATCGCGATA,Clust-1
Apt-873,CGGAGAAAATGGTGGTGACTATGCCGGCGGGTTTTATTCGGTCAAA,Clust-7
Apt-874,CTGCGCCGCCGGGAGGTAAATGTGTTTCGCTGTACGGTCTTAGTAA,Clust-1
Apt-875,GAGAGGCATCTATTACTTAGTGCTACGGCTCTCGGGATGCTCTTCA,Clust-2
Apt-876,CTGCGCCGCCGGGAGGTAAACGTGTTTCGCCGTACGGTCTTGGTAA,Clust-1
Apt-877,CCTAGACGTCAAGGGTTTCTTTCCGGGACCCTCCGGACACCAGATT,Clust-31
Apt-878,GGCTCCTCTTAGGGGCTGTGACCGGCGGGCGGGAATGTAGCTGGAT,Clust-9
Apt-879,CTGCGCCGCCGGGAACGACCTGGAAGTCGAGTACGGGCTAGGTTAC,Clust-1
Apt-880,CTGCGCCGCCGGGAGGTAAATGTGTTTCGCTGTACGGTCATGGTAA,Clust-1
Apt-882,CGGTGGAGCTGTCGGTGAGCAGCGGATGACATTGTGAGCCTTATTC,Clust-4
Apt-883,GAGTGGCATCTATTACTTAGTGCTACGGCTCTCAGGATGCTCTTCA,Clust-2
Apt-884,GAGTGGCATCTATTACTTAGTGCTACGGCTCTCGGGATGCTCTACA,Clust-2
Apt-885,CTGCGCCGCCGGGAGGTAAATGTGTTTCGCTGTACGGTCTTGCTAA,Clust-1
Apt-886,CAGCACATGGGCATTGGTTTGCGGAATTGCCGGTGAAGGCGATCGT,Clust-27
Apt-887,CGAGTTCTATTGGCGGGGGTTGCTCGGTATTGGTGTTGGTGGTAGT,Clust-8
Apt-888,GGTCTGCTGAGGTGGGCGTCGTTGAATGTTAGTTCGGGAATACTTG,Clust-3
Apt-889,GGTTTGCTGAGGTGGGCGTCGTTGAATGTTAGTTCGGGAATAATTT,Clust-3
Apt-890,CGCTTCCGACGGAATTGGTATTGGGTGTCGTCTCTCGGGATGTTAA,Clust-2
Apt-891,CCGCGCCGTCGGGAACCATTTGTACGATCTCTTGCGACATTCCGCGC,Clust-1
Apt-893,CGGTGGAGCTGCCGGTGAGCAGCGGTTGACATTGTGAGCCTTATTC,Clust-4
Apt-894,TTTCGTCGGGTGAATATCCAACTGGTCCGTCCCTTGGGATCTTTGC,Clust-5
Apt-895,CTGCACCGCCGGGAGAGCTCTTCGAGTCTCGTACGGTTTATTAGAC,Clust-1
Apt-896,TTTCGGCGGGTGAATATCCAACTGGTCTGTCCCTTGGGATCTTTGT,Clust-5
Apt-897,ACAGCGTTCCTAGAGCGTGGGGTGGCAGGTTTTTGAGCTTAGCTGC,Clust-6
Apt-898,CTGTTCTAGGTTTGGGGTTGGAGGGAGGGAGAAAGTTGATCATGTC,Clust-15
Apt-899,GCAGTGTGCCACCGGGAAGAATTGTACGGCGTGTCTTGATCTACAG,Clust-1
Apt-900,CCGCGCCGTCGGGAAACATTTGTACGATCTCTTGCGACATTCCGCAC,Clust-1
Apt-901,CTGCACCGCCGGGCGAGCTCTTGGAGTCTCGTACGGTTTATTAGAC,Clust-1
Apt-903,CGGTGGAGCTGTCGGTGAGCAGCGGTTGACAATGTGAGCCTTATTA,Clust-4
Apt-904,TTTCGGCGGGTGACTATCCAACTGGTCCGTCCCTTGGGATCTTTGT,Clust-5
Apt-905,CTAGCGTTCCTAGAGCGTGGGGTGGCAGGTTTTTGAGCTTAGCTGC,Clust-6
Apt-906,GGTTTGCTGAGGCGGGCGTCGTTGAATGTTAGTTCGGGAATACTTG,Clust-3
Apt-907,TTGCTTTTCCCCGCAGCAGGACGCAAGCTCGTCCATTGGGTGGGTA,Clust-10
Apt-908,TTTCGGCGGGTGAATGTCCAACTGGTCCGTCCCTTGGGATCTTTGT,Clust-5
Apt-909,GTGCGCCGCCGGGAGGTAAATGTGTTTCGCTGTACGGTCTTGGTAA,Clust-1
Apt-910,CGGTGGAGCTGTCGGTGAGCAGCGTTTGACATTGTGAGCCTTATTC,Clust-4
Apt-911,GGCACTCCTATCGGGGCGCGACTAAAGTAAAACGAGCGTTAGTAA,Clust-14
Apt-912,TTTCGGCGGGTGAATACCCAACTGGTCCGTCCCTTGGGATCTTTGC,Clust-5
Apt-913,NGCACTCCTATCGGGGCGCGACTAAAGTAAAAACGAGCGTTAGTAA,Clust-14
Apt-914,TGGTTGTGAGCGGAGCTCGGATAGTCTAGTCACCCGTTTTGGTAGG,Clust-11
Apt-915,CTGCGTCGCCGGGAGGTAAATGTGTTTCGCTGTACGGTCTTGGTAA,Clust-1
Apt-916,GGTTTACTGAGGTGGGCGTCGTTGAATGTTAGTTCGGGAATACTTG,Clust-3
Apt-917,TGTTTGCTGAGGTGGGCGTCGTTGAATGTTAGTTCGGGAATACTTG,Clust-3
Apt-918,CGGAGAGAATGGTGGTGACTATGCCGGCGGGTTTTCTTCGGTCAAA,Clust-7
Apt-919,ACGGCTGCGCCGCCGGGAACAAATTCGAGTACGGTCTGTCACTCCA,Clust-1
Apt-920,GGTTTGCTGAGGTGGGCGTCGTTGAATGTTAGTTCGGGAATACTGG,Clust-3
Apt-921,GTTTCGTCGTGCACCGGTACCTTCAGCGAAATACTGTTTGAGACAG,Clust-21
Apt-922,ATAGCGTTCCTAGAGCGTGGGGTGGCAGGTTTTTTAGCTTAGCTGC,Clust-6
Apt-923,GGCTTGCTGAGGTGGGCGTCGTTGAATGTTAGTTCGGGAATACTTG,Clust-3
Apt-926,TTATTGGTGCTGGTGGTAGGGCTCTTCCTACGTTTTACGCTGTAAG,Clust-8
Apt-927,CTGCGCCGTCGGGGCGTTCCCTCGGAATGTGGATACGATCGCGATA,Clust-1
Apt-928,CTGCGCCGTCGGGGTGTCATAAGACTCAGAGTACGATCTTGGTCCT,Clust-1
Apt-929,CAGCGCCGCCGGGAATCGATCTTTACAATGAAGTACGGGCGACATC,Clust-1
Apt-930,CCGCGCCGTCGGGAGGTCCTCTTAAGCGCCGTACGATCGAATTTAT,Clust-1
Apt-931,CCGCGCCGTCGGGAGGACACTAATTAGGGTCCCGTACGAACTCATC,Clust-1
Apt-932,GAGTGGCATCTATTACTTAGTGCTACGGTTCTCGGGATGCTCTTCA,Clust-2
Apt-933,ATAGCGTTCTTAGAGCGTGGGGTGGCAGGTTTTTGAGCTTAGCTGC,Clust-6
Apt-934,CCGCGCCGTCGGGAGGGACCCAAGTTCACCGTACGAGATCCCGTGT,Clust-1
Apt-936,CTGCGCCGCCGGGAGGTAAATGTGTTTCGCTGTACAGTCTTGGTAA,Clust-1
Apt-937,GAGTGGCATCTATTACTTAGTGCTACGGCTCTCGGGATTCTCTTCA,Clust-2
Apt-938,CTGGGCCCCCGGGACGATAAGTAGTACTCGGTACGGTCACTATGTA,Clust-1
Apt-939,CTGCACCGCCGGGAGAGCTCTTGGAGTCTCGCACGGTTTATTAGAC,Clust-1
Apt-940,TTTCGGCGGGTGAATATCCAACTGGTCCGTCCCTTGGGACCTTTGT,Clust-5
Apt-941,CTGTGCCACCGGGAGAGAAAACTTATACCGTACGGACTCTAGTGCA,Clust-1
Apt-942,CCGCGCCGCCGGGAGGTTTTTCCGTACGGTCTCTCATAAGTATCAA,Clust-1
Apt-943,GAGTGGCATCTATTACTTAGTGCTACGTCTCTCGGGATGCTCTTCA,Clust-2
Apt-944,GACGACTTCCCGGGGATTTCCGTGACTCTCACCCAATGACCTGGTC,Clust-25
Apt-946,GGTTTGCTGAGGTGGGTGTCGTTGAATGTTAGTTCGGGAATACTTG,Clust-3
Apt-947,GAAGGTTTGGGGTTGGAGGGAGGTACTCTTGGCGGATAAAACGAAA,Clust-15
Apt-949,CTGTAAGGTTTGGGGTTGGAGGGAGGTTGTAAGCTAGCTTTTGGTG,Clust-15
Apt-950,CGGTGGAGCTGTCGGTGAGCAGCGGTTGACGTTGTGAGCCTTATTC,Clust-4
Apt-951,CGGTGGAGCTGTCGGTGAGCAGCGGTTGACATTATGAGCCTTATTC,Clust-4
Apt-952,CAGCACCGCCGGGAGAGCTCTTGGAGTCTCGTACGGTTTATTAGAC,Clust-1
Apt-953,CCGCGCCGTCGGGAAACGTTTGTACGATCTCTTGCGACATTCCGCGC,Clust-1
Apt-954,CTGCGCCGCCGGGGGCCGTCTTGGTCTTTACGGTCTCGTCTATGAT,Clust-1
Apt-955,GAGTGGCATCTATTAATTAGTGCTACGGCTCTCGGGATGCTCTTCA,Clust-2
Apt-957,CGGGCTTACCTAATGCCCTTTACCGTTCCGTCACCCGTATGGTAGG,Clust-11
Apt-958,AGCTGGCTGATGTGTATAGTTGCTGTAGACAGTTGTGTTTAGAGAT,Clust-33
Apt-959,TTTCGGCGGGTGAATATCCAACTGGTCCGTCCCGTGGGATCTTTGT,Clust-5
Apt-960,GGTTTGCTGAGGTGGGCGTCGTTGAATGTTAGTCCGGGAATACTTG,Clust-3
Apt-961,GAGTGGCCTCTATTACTTAGTGCTACGGCTCTCGGGATGCTCTTCA,Clust-2
Apt-962,TTTCGGCGGGTGAATATCCAGCTGGTCCGTCCCTTGGGATCTTTGT,Clust-5
Apt-964,TTTCGGCGGGTGAATAACCAACTGGTCCGTCCCTTGGGATCTTTGT,Clust-5
Apt-966,CTGCGCCGCCGGGAACGATGTCTATGTCGTGTACGGTCTATTGTCT,Clust-1
Apt-967,GGTTTGCTGAGGTGGGCGTCGTTGAATATTAGTTCGGGAATACTTG,Clust-3
Apt-968,CTGCACCGCCGGGAGAGCTCTTGGAGTCTCGTGCGGTTTATTAGAC,Clust-1
Apt-969,CTGCGCCGCCGGGAGGTAAAGGTGTTTCGCTGTACGGTCTTGGTAA,Clust-1
Apt-970,CTGCGCCGTCGGGAGCAGTTCCAGTTAGGTTGCGGACGATCCTTTT,Clust-1
Apt-971,CGGTGGAGCTGTCGGTGAGCAGCGGTTTACATTGTGAGCCTTATTC,Clust-4
Apt-972,TTTCGGCGGGTGAATATCCAACTGGTCAGTCCCTTGGGATCTTTGT,Clust-5
Apt-973,GAGTGGCATCTATAACTTAGTGCTACGGCTCTCGGGATGCTCTTCA,Clust-2
Apt-974,AAGTGGCATCTATTACTTAGTGCTACGGCTCTCGGGATGCTCTTCA,Clust-2
Apt-975,GCAGTGTGCCACCGGGAAGAATTGTACGGCTTGTCCCGATCTACAG,Clust-1
Apt-976,CCGCGCCGTCGGGAAATATTTGTACGATCTCTTGCGACATTCCGCGC,Clust-1
Apt-977,GAGTGGCTTCTATTACTTAGTGCTACGGCTCTCGGGATGCTCTTCA,Clust-2
Apt-978,CGGTGGAGCGGTCGGTGAGCAGCGGTTGACATTGTGAGCCTTATTC,Clust-4
Apt-979,CACTTGTCGCTGGGTAGGCTGTAGTGACTTGACGAGGTCTATCTAG,Clust-23
Apt-982,CTGCACTGCCGGGAGAGCTCTTGGAGTCTCGTACGGTTTATTAGAC,Clust-1
Apt-983,CCGCGCCGTCGGGAGGGACCCAAGTTCACCGTACGAGATCCGGTGT,Clust-1
Apt-985,GAGTGGCATCTATTACTTAGTGCTACGGCTCTCGTGATGCTCTTCA,Clust-2
Apt-986,CGGTGGAGCTGTCGGTGAGCAGCGGTTGACATTGTGATCCTTATTC,Clust-4
Apt-987,ATAGCGTTCCTAGAGCGTGGGGTGGCAGGTTTTTGAGCTAAGCTGC,Clust-6
Apt-989,CTGCGCCGCCGGGAACGATGTCTGTGTCGTGTACGGTCTGTTGTCT,Clust-1
Apt-990,CTGCGCCGCCGGGGTAAGATGTTCATCGAACGGTACGGGTTCTTTG,Clust-1
Apt-992,CTGCGCCGTCGGGGCATTCTCTCGGAATGTGGATACGATCGCGATA,Clust-1
Apt-994,ATAGCGTTCCTAGAGCGTGGGGTGGCAGGTTTTTGAGCATAGCTGC,Clust-6
Apt-995,ATAGCGTTCCTAGAGCGTGGGGTGGCAGGGTTTTGAGCTTAGCTGC,Clust-6
Apt-996,GGTTTGCTGAGGTGGGCGTCGTTGAATGTTAGTTCGGAAATACTTG,Clust-3
Apt-997,GGTTTGCTGAGGTGGGCGCCGTTGAATGTTAGTTCGGGAATACTTG,Clust-3
Apt-998,CTGCGCCGCCGGGAGGTAAATGTGTTTCGCTGTACGGTCTTGGAAA,Clust-1
Apt-999,CGTGGTTTCCCTGAACGATTCTCGTCACCCGTATTGGTAGG,Clust-11
Apt-1000,TTTTCGGCGGGTGAATATCCAACTGGTCCGTCCCTTGGGATCTTTGT,Clust-5
